ad_id,bid
1,589
2,530
3,21
4,62
5,204
6,666
7,14
8,28
9,737
10,448
11,879
12,182
13,789
14,129
15,23
16,716
17,870
18,154
19,899
20,646
21,302
22,41
23,240
24,687
25,970
26,647
27,767
28,748
29,251
30,772
31,65
32,734
33,724
34,768
35,247
36,433
37,731
38,234
39,2
40,799
41,390
42,518
43,422
44,129
45,149
46,773
47,793
48,21
49,778
50,676
51,33
52,862
53,744
54,82
55,948
56,41
57,180
58,821
59,830
60,575
61,816
62,121
63,695
64,536
65,927
66,247
67,716
68,895
69,645
70,826
71,622
72,159
73,251
74,664
75,37
76,201
77,455
78,548
79,75
80,612
81,163
82,954
83,221
84,222
85,225
86,909
87,919
88,730
89,551
90,679
91,525
92,465
93,264
94,730
95,947
96,309
97,170
98,254
99,103
100,169
101,759
102,891
103,72
104,184
105,414
106,615
107,307
108,824
109,984
110,110
111,110
112,100
113,199
114,29
115,790
116,590
117,629
118,979
119,233
120,659
121,199
122,14
123,141
124,500
125,528
126,122
127,222
128,19
129,791
130,609
131,881
132,437
133,198
134,621
135,976
136,93
137,878
138,108
139,114
140,734
141,750
142,456
143,334
144,887
145,733
146,166
147,145
148,306
149,244
150,760
151,269
152,686
153,225
154,656
155,107
156,264
157,728
158,198
159,869
160,397
161,510
162,481
163,924
164,220
165,384
166,340
167,196
168,147
169,721
170,904
171,407
172,36
173,624
174,521
175,97
176,70
177,50
178,822
179,775
180,252
181,738
182,296
183,640
184,527
185,992
186,771
187,242
188,806
189,617
190,93
191,221
192,90
193,864
194,626
195,358
196,157
197,627
198,559
199,455
200,145
201,940
202,849
203,967
204,929
205,700
206,425
207,559
208,912
209,152
210,504
211,368
212,84
213,423
214,599
215,434
216,883
217,966
218,323
219,312
220,492
221,567
222,91
223,368
224,142
225,324
226,174
227,267
228,594
229,567
230,275
231,72
232,886
233,661
234,336
235,447
236,598
237,36
238,901
239,377
240,188
241,844
242,997
243,812
244,273
245,224
246,836
247,20
248,211
249,633
250,742
251,657
252,812
253,663
254,676
255,232
256,973
257,969
258,337
259,248
260,463
261,152
262,404
263,336
264,25
265,23
266,189
267,830
268,23
269,896
270,111
271,576
272,577
273,879
274,604
275,960
276,398
277,731
278,388
279,753
280,575
281,874
282,379
283,763
284,182
285,654
286,430
287,887
288,70
289,856
290,19
291,95
292,251
293,639
294,290
295,596
296,777
297,356
298,684
299,267
300,880
301,633
302,754
303,670
304,586
305,956
306,998
307,521
308,361
309,554
310,416
311,363
312,515
313,103
314,263
315,742
316,216
317,257
318,418
319,375
320,485
321,854
322,381
323,482
324,63
325,105
326,588
327,344
328,161
329,548
330,331
331,486
332,332
333,68
334,438
335,92
336,351
337,363
338,950
339,551
340,898
341,799
342,142
343,699
344,438
345,235
346,535
347,982
348,590
349,23
350,598
351,250
352,158
353,677
354,725
355,268
356,491
357,958
358,925
359,401
360,445
361,806
362,144
363,373
364,74
365,661
366,894
367,679
368,798
369,916
370,752
371,205
372,838
373,781
374,428
375,490
376,765
377,504
378,139
379,528
380,603
381,498
382,204
383,297
384,965
385,926
386,777
387,747
388,545
389,462
390,556
391,627
392,311
393,12
394,269
395,607
396,650
397,874
398,140
399,134
400,16
401,796
402,653
403,650
404,387
405,24
406,632
407,102
408,485
409,214
410,804
411,622
412,151
413,972
414,551
415,803
416,377
417,330
418,721
419,970
420,947
421,647
422,883
423,894
424,568
425,235
426,654
427,566
428,753
429,40
430,869
431,624
432,234
433,484
434,340
435,230
436,688
437,606
438,873
439,360
440,273
441,965
442,135
443,44
444,90
445,950
446,520
447,877
448,507
449,595
450,362
451,234
452,462
453,880
454,99
455,39
456,790
457,714
458,978
459,261
460,413
461,952
462,534
463,832
464,344
465,380
466,328
467,202
468,36
469,59
470,615
471,889
472,620
473,90
474,301
475,154
476,794
477,322
478,247
479,671
480,940
481,557
482,542
483,527
484,45
485,855
486,764
487,943
488,413
489,511
490,462
491,548
492,51
493,956
494,896
495,527
496,551
497,266
498,393
499,336
500,436
501,185
502,806
503,392
504,63
505,789
506,528
507,533
508,918
509,144
510,757
511,166
512,381
513,373
514,544
515,574
516,661
517,966
518,510
519,442
520,184
521,550
522,909
523,712
524,119
525,233
526,450
527,338
528,802
529,597
530,211
531,671
532,61
533,865
534,864
535,455
536,51
537,520
538,232
539,962
540,863
541,278
542,918
543,780
544,413
545,232
546,750
547,957
548,699
549,50
550,662
551,566
552,804
553,80
554,78
555,91
556,234
557,398
558,52
559,960
560,578
561,234
562,291
563,51
564,659
565,308
566,97
567,976
568,186
569,70
570,986
571,131
572,646
573,212
574,599
575,374
576,587
577,823
578,185
579,379
580,120
581,176
582,120
583,271
584,359
585,551
586,429
587,889
588,304
589,915
590,745
591,258
592,220
593,54
594,366
595,542
596,187
597,581
598,404
599,543
600,368
601,301
602,237
603,537
604,660
605,656
606,395
607,364
608,941
609,279
610,545
611,630
612,747
613,56
614,404
615,518
616,797
617,783
618,52
619,20
620,402
621,362
622,672
623,533
624,73
625,472
626,581
627,922
628,963
629,839
630,484
631,9
632,658
633,957
634,951
635,918
636,117
637,312
638,772
639,855
640,785
641,429
642,132
643,759
644,271
645,43
646,962
647,337
648,566
649,946
650,387
651,370
652,778
653,345
654,150
655,817
656,361
657,995
658,452
659,35
660,989
661,66
662,386
663,177
664,555
665,812
666,167
667,338
668,12
669,568
670,933
671,174
672,859
673,186
674,710
675,759
676,477
677,10
678,622
679,60
680,42
681,797
682,900
683,863
684,976
685,821
686,798
687,806
688,320
689,905
690,621
691,291
692,494
693,10
694,414
695,44
696,534
697,569
698,221
699,722
700,973
701,65
702,479
703,754
704,179
705,422
706,46
707,602
708,124
709,786
710,315
711,485
712,516
713,484
714,130
715,9
716,878
717,907
718,903
719,615
720,109
721,6
722,614
723,980
724,716
725,440
726,307
727,655
728,32
729,880
730,920
731,417
732,956
733,779
734,851
735,123
736,663
737,233
738,818
739,562
740,545
741,676
742,7
743,116
744,514
745,801
746,488
747,255
748,25
749,808
750,254
751,643
752,762
753,969
754,395
755,896
756,608
757,865
758,61
759,948
760,41
761,438
762,524
763,565
764,715
765,489
766,306
767,833
768,766
769,18
770,511
771,287
772,819
773,658
774,49
775,768
776,158
777,165
778,200
779,83
780,435
781,151
782,444
783,305
784,783
785,394
786,920
787,765
788,951
789,228
790,346
791,942
792,462
793,706
794,443
795,619
796,178
797,134
798,97
799,365
800,106
801,665
802,613
803,382
804,247
805,971
806,46
807,376
808,971
809,668
810,465
811,622
812,918
813,267
814,733
815,850
816,212
817,921
818,133
819,751
820,373
821,85
822,860
823,241
824,832
825,163
826,162
827,601
828,370
829,19
830,583
831,173
832,486
833,53
834,687
835,805
836,361
837,357
838,170
839,507
840,978
841,10
842,388
843,467
844,143
845,726
846,636
847,311
848,155
849,190
850,533
851,279
852,995
853,541
854,352
855,420
856,639
857,869
858,731
859,545
860,246
861,404
862,88
863,194
864,581
865,851
866,43
867,369
868,990
869,41
870,728
871,876
872,340
873,897
874,225
875,715
876,988
877,552
878,665
879,736
880,964
881,669
882,774
883,557
884,831
885,581
886,233
887,914
888,602
889,835
890,42
891,331
892,751
893,194
894,435
895,669
896,850
897,916
898,538
899,543
900,297
901,168
902,206
903,13
904,903
905,580
906,315
907,162
908,731
909,24
910,617
911,891
912,274
913,234
914,465
915,257
916,504
917,626
918,399
919,851
920,997
921,811
922,56
923,558
924,533
925,906
926,593
927,522
928,942
929,230
930,394
931,368
932,607
933,819
934,652
935,461
936,545
937,286
938,577
939,979
940,110
941,674
942,571
943,809
944,479
945,58
946,542
947,10
948,496
949,485
950,534
951,908
952,646
953,625
954,390
955,173
956,965
957,514
958,729
959,732
960,381
961,435
962,800
963,335
964,639
965,416
966,955
967,539
968,895
969,571
970,424
971,437
972,783
973,951
974,159
975,865
976,444
977,906
978,29
979,803
980,286
981,145
982,612
983,243
984,220
985,23
986,84
987,631
988,853
989,349
990,402
991,116
992,962
993,245
994,871
995,252
996,958
997,174
998,442
999,53
1000,660
1001,897
1002,735
1003,444
1004,333
1005,285
1006,835
1007,737
1008,680
1009,325
1010,680
1011,805
1012,14
1013,449
1014,201
1015,754
1016,508
1017,1000
1018,297
1019,863
1020,49
1021,23
1022,684
1023,782
1024,251
1025,318
1026,658
1027,398
1028,3
1029,157
1030,496
1031,918
1032,709
1033,45
1034,203
1035,986
1036,898
1037,915
1038,206
1039,549
1040,367
1041,497
1042,627
1043,39
1044,678
1045,450
1046,810
1047,169
1048,623
1049,560
1050,114
1051,414
1052,680
1053,898
1054,771
1055,716
1056,976
1057,971
1058,695
1059,565
1060,880
1061,497
1062,201
1063,901
1064,533
1065,405
1066,554
1067,472
1068,790
1069,660
1070,133
1071,412
1072,558
1073,687
1074,128
1075,127
1076,7
1077,560
1078,870
1079,623
1080,689
1081,455
1082,148
1083,659
1084,767
1085,199
1086,544
1087,469
1088,510
1089,344
1090,697
1091,793
1092,127
1093,620
1094,33
1095,104
1096,707
1097,53
1098,178
1099,833
1100,845
1101,785
1102,65
1103,482
1104,764
1105,403
1106,587
1107,960
1108,394
1109,178
1110,554
1111,758
1112,788
1113,767
1114,540
1115,350
1116,266
1117,794
1118,468
1119,619
1120,884
1121,197
1122,147
1123,47
1124,492
1125,661
1126,940
1127,229
1128,909
1129,722
1130,333
1131,706
1132,448
1133,325
1134,252
1135,283
1136,707
1137,796
1138,624
1139,563
1140,238
1141,771
1142,339
1143,825
1144,331
1145,564
1146,469
1147,568
1148,467
1149,822
1150,942
1151,287
1152,67
1153,91
1154,813
1155,225
1156,361
1157,900
1158,162
1159,310
1160,910
1161,842
1162,7
1163,364
1164,396
1165,273
1166,941
1167,962
1168,739
1169,580
1170,540
1171,753
1172,697
1173,975
1174,368
1175,486
1176,522
1177,436
1178,740
1179,654
1180,477
1181,719
1182,533
1183,641
1184,373
1185,916
1186,325
1187,940
1188,253
1189,137
1190,418
1191,680
1192,497
1193,785
1194,31
1195,191
1196,625
1197,252
1198,448
1199,417
1200,689
1201,639
1202,131
1203,679
1204,931
1205,737
1206,348
1207,420
1208,190
1209,897
1210,719
1211,676
1212,551
1213,264
1214,487
1215,406
1216,380
1217,524
1218,412
1219,764
1220,868
1221,636
1222,609
1223,988
1224,819
1225,123
1226,450
1227,274
1228,847
1229,937
1230,373
1231,864
1232,934
1233,531
1234,416
1235,40
1236,455
1237,631
1238,792
1239,436
1240,628
1241,152
1242,941
1243,792
1244,997
1245,539
1246,395
1247,171
1248,138
1249,174
1250,686
1251,788
1252,241
1253,71
1254,791
1255,118
1256,536
1257,319
1258,471
1259,905
1260,40
1261,354
1262,995
1263,291
1264,656
1265,741
1266,291
1267,575
1268,297
1269,100
1270,710
1271,185
1272,212
1273,891
1274,152
1275,160
1276,354
1277,354
1278,122
1279,870
1280,417
1281,538
1282,862
1283,20
1284,384
1285,233
1286,138
1287,743
1288,85
1289,154
1290,968
1291,286
1292,12
1293,851
1294,193
1295,946
1296,355
1297,938
1298,885
1299,806
1300,133
1301,5
1302,406
1303,407
1304,571
1305,719
1306,738
1307,133
1308,116
1309,730
1310,832
1311,316
1312,605
1313,505
1314,209
1315,897
1316,409
1317,522
1318,341
1319,885
1320,480
1321,455
1322,10
1323,461
1324,380
1325,424
1326,531
1327,918
1328,111
1329,257
1330,132
1331,407
1332,451
1333,310
1334,279
1335,990
1336,839
1337,332
1338,318
1339,949
1340,41
1341,800
1342,673
1343,627
1344,67
1345,340
1346,163
1347,670
1348,869
1349,2
1350,315
1351,976
1352,728
1353,131
1354,225
1355,767
1356,388
1357,339
1358,353
1359,575
1360,949
1361,304
1362,544
1363,832
1364,299
1365,406
1366,746
1367,896
1368,155
1369,397
1370,555
1371,94
1372,472
1373,670
1374,606
1375,857
1376,257
1377,204
1378,660
1379,677
1380,314
1381,981
1382,962
1383,280
1384,821
1385,799
1386,88
1387,201
1388,902
1389,287
1390,614
1391,166
1392,790
1393,73
1394,921
1395,462
1396,889
1397,196
1398,953
1399,534
1400,142
1401,757
1402,677
1403,926
1404,929
1405,133
1406,484
1407,80
1408,733
1409,654
1410,83
1411,697
1412,265
1413,412
1414,905
1415,187
1416,438
1417,947
1418,79
1419,517
1420,733
1421,534
1422,24
1423,858
1424,225
1425,423
1426,475
1427,216
1428,925
1429,736
1430,738
1431,582
1432,621
1433,52
1434,285
1435,451
1436,382
1437,8
1438,426
1439,815
1440,363
1441,669
1442,833
1443,559
1444,515
1445,304
1446,162
1447,392
1448,475
1449,468
1450,681
1451,854
1452,193
1453,814
1454,957
1455,942
1456,445
1457,119
1458,321
1459,880
1460,10
1461,933
1462,155
1463,734
1464,479
1465,942
1466,255
1467,973
1468,966
1469,838
1470,816
1471,584
1472,779
1473,507
1474,481
1475,632
1476,77
1477,258
1478,327
1479,221
1480,315
1481,292
1482,870
1483,292
1484,226
1485,934
1486,502
1487,404
1488,579
1489,59
1490,550
1491,761
1492,704
1493,701
1494,684
1495,716
1496,228
1497,990
1498,452
1499,842
1500,196
1501,27
1502,869
1503,510
1504,559
1505,44
1506,343
1507,341
1508,452
1509,51
1510,80
1511,368
1512,539
1513,463
1514,317
1515,836
1516,371
1517,296
1518,946
1519,65
1520,746
1521,821
1522,907
1523,929
1524,693
1525,37
1526,731
1527,144
1528,804
1529,736
1530,986
1531,329
1532,866
1533,997
1534,645
1535,651
1536,334
1537,786
1538,478
1539,384
1540,806
1541,33
1542,471
1543,868
1544,262
1545,878
1546,656
1547,394
1548,197
1549,853
1550,820
1551,418
1552,880
1553,939
1554,342
1555,723
1556,109
1557,471
1558,608
1559,755
1560,515
1561,163
1562,470
1563,930
1564,430
1565,354
1566,204
1567,440
1568,768
1569,936
1570,688
1571,294
1572,229
1573,666
1574,989
1575,211
1576,598
1577,267
1578,727
1579,118
1580,261
1581,3
1582,709
1583,266
1584,992
1585,690
1586,618
1587,74
1588,176
1589,914
1590,630
1591,159
1592,816
1593,609
1594,346
1595,740
1596,184
1597,284
1598,358
1599,39
1600,380
1601,442
1602,661
1603,586
1604,389
1605,595
1606,254
1607,847
1608,296
1609,560
1610,713
1611,529
1612,485
1613,254
1614,88
1615,411
1616,236
1617,299
1618,228
1619,891
1620,378
1621,766
1622,796
1623,597
1624,905
1625,121
1626,274
1627,450
1628,384
1629,777
1630,884
1631,420
1632,289
1633,695
1634,76
1635,121
1636,851
1637,696
1638,972
1639,383
1640,10
1641,94
1642,685
1643,174
1644,687
1645,787
1646,365
1647,558
1648,812
1649,725
1650,259
1651,156
1652,814
1653,781
1654,151
1655,367
1656,517
1657,38
1658,326
1659,954
1660,327
1661,792
1662,179
1663,870
1664,198
1665,866
1666,108
1667,527
1668,310
1669,954
1670,493
1671,942
1672,856
1673,34
1674,698
1675,896
1676,3
1677,939
1678,176
1679,497
1680,91
1681,945
1682,593
1683,688
1684,370
1685,71
1686,17
1687,108
1688,355
1689,851
1690,499
1691,592
1692,965
1693,78
1694,926
1695,254
1696,248
1697,373
1698,607
1699,166
1700,321
1701,485
1702,79
1703,429
1704,982
1705,417
1706,356
1707,208
1708,801
1709,568
1710,187
1711,400
1712,800
1713,49
1714,727
1715,220
1716,391
1717,864
1718,895
1719,777
1720,928
1721,154
1722,417
1723,544
1724,376
1725,255
1726,357
1727,573
1728,579
1729,326
1730,978
1731,719
1732,10
1733,934
1734,520
1735,492
1736,539
1737,83
1738,467
1739,317
1740,918
1741,561
1742,995
1743,311
1744,189
1745,621
1746,285
1747,490
1748,18
1749,283
1750,543
1751,870
1752,28
1753,525
1754,483
1755,165
1756,841
1757,985
1758,768
1759,795
1760,853
1761,544
1762,423
1763,823
1764,556
1765,177
1766,366
1767,955
1768,597
1769,971
1770,175
1771,956
1772,539
1773,370
1774,56
1775,38
1776,465
1777,138
1778,643
1779,829
1780,451
1781,722
1782,492
1783,352
1784,409
1785,421
1786,370
1787,166
1788,213
1789,920
1790,803
1791,461
1792,426
1793,136
1794,588
1795,944
1796,502
1797,813
1798,543
1799,936
1800,151
1801,203
1802,455
1803,203
1804,759
1805,329
1806,742
1807,481
1808,727
1809,982
1810,118
1811,115
1812,970
1813,82
1814,197
1815,166
1816,389
1817,624
1818,519
1819,529
1820,893
1821,673
1822,652
1823,724
1824,205
1825,167
1826,621
1827,940
1828,939
1829,168
1830,294
1831,482
1832,105
1833,596
1834,179
1835,973
1836,255
1837,28
1838,800
1839,610
1840,773
1841,439
1842,444
1843,423
1844,517
1845,99
1846,806
1847,256
1848,879
1849,400
1850,18
1851,161
1852,845
1853,494
1854,254
1855,113
1856,273
1857,36
1858,538
1859,334
1860,192
1861,509
1862,853
1863,890
1864,709
1865,254
1866,510
1867,996
1868,109
1869,110
1870,524
1871,401
1872,299
1873,639
1874,369
1875,799
1876,580
1877,672
1878,486
1879,418
1880,690
1881,260
1882,638
1883,972
1884,610
1885,818
1886,671
1887,446
1888,152
1889,406
1890,967
1891,719
1892,885
1893,595
1894,105
1895,376
1896,85
1897,974
1898,184
1899,10
1900,384
1901,903
1902,530
1903,750
1904,966
1905,207
1906,334
1907,325
1908,28
1909,618
1910,798
1911,446
1912,595
1913,244
1914,617
1915,952
1916,987
1917,481
1918,96
1919,126
1920,150
1921,777
1922,959
1923,14
1924,934
1925,148
1926,18
1927,229
1928,883
1929,837
1930,363
1931,339
1932,155
1933,724
1934,578
1935,319
1936,247
1937,288
1938,523
1939,800
1940,782
1941,605
1942,901
1943,109
1944,569
1945,549
1946,870
1947,909
1948,343
1949,508
1950,146
1951,125
1952,97
1953,578
1954,828
1955,383
1956,549
1957,38
1958,848
1959,906
1960,103
1961,793
1962,163
1963,862
1964,57
1965,954
1966,898
1967,105
1968,439
1969,974
1970,497
1971,759
1972,739
1973,688
1974,350
1975,612
1976,725
1977,71
1978,793
1979,850
1980,301
1981,213
1982,77
1983,709
1984,757
1985,309
1986,745
1987,214
1988,442
1989,102
1990,49
1991,193
1992,17
1993,206
1994,147
1995,769
1996,674
1997,394
1998,588
1999,461
2000,61
2001,840
2002,275
2003,296
2004,420
2005,654
2006,916
2007,184
2008,493
2009,412
2010,126
2011,13
2012,651
2013,589
2014,11
2015,106
2016,20
2017,109
2018,381
2019,32
2020,640
2021,236
2022,672
2023,534
2024,125
2025,100
2026,798
2027,900
2028,417
2029,99
2030,404
2031,869
2032,926
2033,559
2034,315
2035,824
2036,899
2037,886
2038,746
2039,91
2040,596
2041,956
2042,923
2043,483
2044,611
2045,931
2046,659
2047,628
2048,116
2049,401
2050,891
2051,981
2052,764
2053,508
2054,441
2055,268
2056,223
2057,16
2058,983
2059,278
2060,693
2061,323
2062,321
2063,107
2064,728
2065,462
2066,748
2067,206
2068,75
2069,83
2070,651
2071,592
2072,487
2073,10
2074,297
2075,264
2076,919
2077,626
2078,534
2079,773
2080,139
2081,30
2082,290
2083,161
2084,248
2085,459
2086,994
2087,410
2088,800
2089,441
2090,356
2091,785
2092,250
2093,922
2094,730
2095,663
2096,274
2097,846
2098,192
2099,63
2100,572
2101,907
2102,861
2103,828
2104,326
2105,829
2106,126
2107,615
2108,479
2109,23
2110,751
2111,13
2112,251
2113,843
2114,115
2115,638
2116,829
2117,542
2118,410
2119,938
2120,339
2121,751
2122,52
2123,74
2124,608
2125,286
2126,931
2127,675
2128,175
2129,635
2130,774
2131,253
2132,232
2133,729
2134,692
2135,565
2136,855
2137,256
2138,721
2139,405
2140,34
2141,466
2142,725
2143,467
2144,839
2145,434
2146,702
2147,976
2148,918
2149,178
2150,80
2151,133
2152,20
2153,466
2154,289
2155,274
2156,689
2157,339
2158,636
2159,89
2160,968
2161,694
2162,803
2163,501
2164,559
2165,633
2166,479
2167,257
2168,94
2169,520
2170,920
2171,694
2172,404
2173,141
2174,524
2175,430
2176,231
2177,407
2178,979
2179,568
2180,173
2181,444
2182,565
2183,712
2184,182
2185,473
2186,476
2187,54
2188,662
2189,447
2190,74
2191,712
2192,769
2193,909
2194,193
2195,634
2196,992
2197,440
2198,63
2199,329
2200,521
2201,42
2202,941
2203,480
2204,971
2205,333
2206,291
2207,221
2208,712
2209,359
2210,349
2211,13
2212,475
2213,798
2214,262
2215,995
2216,386
2217,348
2218,2
2219,237
2220,651
2221,465
2222,74
2223,494
2224,194
2225,557
2226,373
2227,866
2228,718
2229,374
2230,197
2231,673
2232,537
2233,107
2234,871
2235,939
2236,459
2237,85
2238,404
2239,23
2240,381
2241,861
2242,707
2243,606
2244,492
2245,600
2246,562
2247,894
2248,800
2249,883
2250,407
2251,739
2252,387
2253,697
2254,157
2255,691
2256,173
2257,531
2258,426
2259,994
2260,783
2261,905
2262,409
2263,116
2264,934
2265,991
2266,205
2267,616
2268,736
2269,399
2270,963
2271,507
2272,803
2273,638
2274,191
2275,571
2276,988
2277,266
2278,686
2279,98
2280,304
2281,226
2282,372
2283,153
2284,33
2285,773
2286,659
2287,63
2288,622
2289,65
2290,395
2291,717
2292,104
2293,399
2294,927
2295,228
2296,714
2297,446
2298,180
2299,301
2300,404
2301,633
2302,675
2303,541
2304,560
2305,306
2306,203
2307,821
2308,528
2309,834
2310,568
2311,963
2312,598
2313,636
2314,828
2315,433
2316,421
2317,531
2318,268
2319,86
2320,62
2321,637
2322,628
2323,642
2324,855
2325,258
2326,245
2327,753
2328,622
2329,365
2330,470
2331,188
2332,82
2333,231
2334,543
2335,954
2336,467
2337,698
2338,265
2339,865
2340,146
2341,722
2342,518
2343,588
2344,120
2345,318
2346,528
2347,137
2348,168
2349,862
2350,809
2351,533
2352,301
2353,256
2354,773
2355,171
2356,548
2357,295
2358,1
2359,804
2360,680
2361,702
2362,412
2363,165
2364,496
2365,700
2366,373
2367,548
2368,462
2369,949
2370,308
2371,980
2372,710
2373,863
2374,567
2375,82
2376,604
2377,652
2378,582
2379,323
2380,753
2381,135
2382,35
2383,273
2384,616
2385,139
2386,186
2387,588
2388,894
2389,352
2390,258
2391,675
2392,75
2393,994
2394,539
2395,677
2396,259
2397,344
2398,83
2399,739
2400,829
2401,7
2402,682
2403,464
2404,501
2405,321
2406,601
2407,615
2408,208
2409,97
2410,380
2411,733
2412,108
2413,855
2414,436
2415,479
2416,944
2417,453
2418,809
2419,347
2420,208
2421,118
2422,662
2423,44
2424,625
2425,911
2426,806
2427,970
2428,966
2429,551
2430,616
2431,822
2432,860
2433,409
2434,30
2435,527
2436,94
2437,133
2438,740
2439,303
2440,278
2441,414
2442,621
2443,914
2444,539
2445,538
2446,595
2447,93
2448,294
2449,920
2450,196
2451,701
2452,82
2453,698
2454,388
2455,682
2456,770
2457,666
2458,803
2459,557
2460,976
2461,718
2462,898
2463,832
2464,439
2465,866
2466,985
2467,524
2468,984
2469,640
2470,985
2471,536
2472,504
2473,537
2474,571
2475,962
2476,39
2477,593
2478,100
2479,97
2480,452
2481,82
2482,215
2483,813
2484,445
2485,568
2486,571
2487,872
2488,135
2489,534
2490,319
2491,875
2492,937
2493,224
2494,149
2495,76
2496,869
2497,171
2498,544
2499,390
2500,998
2501,487
2502,126
2503,233
2504,500
2505,54
2506,177
2507,174
2508,874
2509,348
2510,103
2511,101
2512,223
2513,468
2514,12
2515,508
2516,461
2517,711
2518,689
2519,844
2520,382
2521,327
2522,924
2523,902
2524,614
2525,103
2526,310
2527,855
2528,874
2529,517
2530,310
2531,477
2532,26
2533,678
2534,824
2535,592
2536,528
2537,810
2538,203
2539,956
2540,659
2541,877
2542,348
2543,708
2544,832
2545,402
2546,173
2547,65
2548,34
2549,883
2550,796
2551,622
2552,705
2553,628
2554,986
2555,889
2556,589
2557,390
2558,419
2559,353
2560,831
2561,840
2562,652
2563,44
2564,32
2565,36
2566,498
2567,229
2568,596
2569,68
2570,852
2571,755
2572,232
2573,891
2574,915
2575,191
2576,665
2577,460
2578,863
2579,816
2580,584
2581,235
2582,808
2583,671
2584,393
2585,293
2586,636
2587,114
2588,477
2589,167
2590,677
2591,729
2592,937
2593,731
2594,822
2595,575
2596,623
2597,898
2598,766
2599,28
2600,400
2601,673
2602,846
2603,650
2604,289
2605,900
2606,146
2607,948
2608,484
2609,974
2610,309
2611,465
2612,768
2613,449
2614,349
2615,824
2616,551
2617,556
2618,689
2619,710
2620,525
2621,736
2622,561
2623,889
2624,138
2625,574
2626,513
2627,496
2628,858
2629,345
2630,911
2631,199
2632,60
2633,885
2634,843
2635,523
2636,82
2637,645
2638,215
2639,71
2640,85
2641,5
2642,613
2643,379
2644,655
2645,797
2646,980
2647,480
2648,908
2649,341
2650,92
2651,402
2652,174
2653,197
2654,872
2655,195
2656,241
2657,739
2658,793
2659,123
2660,271
2661,93
2662,941
2663,533
2664,214
2665,813
2666,998
2667,505
2668,241
2669,697
2670,937
2671,300
2672,580
2673,972
2674,227
2675,487
2676,21
2677,26
2678,773
2679,788
2680,784
2681,975
2682,797
2683,181
2684,520
2685,40
2686,102
2687,856
2688,225
2689,925
2690,538
2691,863
2692,481
2693,686
2694,584
2695,37
2696,296
2697,752
2698,919
2699,771
2700,946
2701,647
2702,497
2703,682
2704,428
2705,147
2706,907
2707,170
2708,212
2709,298
2710,28
2711,985
2712,90
2713,662
2714,668
2715,56
2716,72
2717,924
2718,315
2719,941
2720,300
2721,468
2722,642
2723,803
2724,596
2725,348
2726,691
2727,476
2728,193
2729,856
2730,186
2731,438
2732,437
2733,806
2734,890
2735,727
2736,302
2737,480
2738,35
2739,287
2740,884
2741,17
2742,498
2743,169
2744,713
2745,662
2746,68
2747,509
2748,90
2749,121
2750,687
2751,998
2752,680
2753,10
2754,247
2755,842
2756,456
2757,725
2758,526
2759,332
2760,781
2761,17
2762,96
2763,935
2764,646
2765,483
2766,159
2767,135
2768,899
2769,426
2770,977
2771,250
2772,277
2773,171
2774,751
2775,126
2776,500
2777,980
2778,509
2779,612
2780,275
2781,887
2782,938
2783,100
2784,266
2785,989
2786,29
2787,27
2788,100
2789,666
2790,122
2791,645
2792,692
2793,661
2794,782
2795,405
2796,479
2797,788
2798,798
2799,371
2800,476
2801,667
2802,699
2803,328
2804,989
2805,813
2806,484
2807,753
2808,102
2809,379
2810,549
2811,663
2812,714
2813,162
2814,40
2815,653
2816,820
2817,58
2818,162
2819,110
2820,780
2821,558
2822,962
2823,371
2824,107
2825,99
2826,185
2827,700
2828,122
2829,425
2830,646
2831,892
2832,381
2833,808
2834,918
2835,931
2836,279
2837,115
2838,713
2839,17
2840,218
2841,724
2842,230
2843,756
2844,757
2845,49
2846,609
2847,977
2848,73
2849,93
2850,538
2851,782
2852,277
2853,602
2854,319
2855,157
2856,819
2857,390
2858,769
2859,929
2860,21
2861,362
2862,239
2863,502
2864,306
2865,3
2866,398
2867,167
2868,402
2869,599
2870,33
2871,116
2872,323
2873,118
2874,950
2875,801
2876,214
2877,793
2878,41
2879,284
2880,885
2881,610
2882,160
2883,26
2884,830
2885,157
2886,680
2887,367
2888,898
2889,519
2890,382
2891,843
2892,573
2893,941
2894,202
2895,89
2896,421
2897,534
2898,683
2899,725
2900,665
2901,199
2902,697
2903,547
2904,227
2905,309
2906,131
2907,427
2908,673
2909,753
2910,249
2911,955
2912,818
2913,906
2914,522
2915,358
2916,557
2917,805
2918,235
2919,817
2920,305
2921,792
2922,286
2923,401
2924,276
2925,61
2926,956
2927,932
2928,699
2929,865
2930,564
2931,370
2932,383
2933,400
2934,213
2935,493
2936,705
2937,28
2938,963
2939,609
2940,316
2941,771
2942,213
2943,890
2944,442
2945,555
2946,362
2947,658
2948,399
2949,537
2950,879
2951,496
2952,408
2953,814
2954,413
2955,746
2956,694
2957,949
2958,672
2959,875
2960,126
2961,907
2962,620
2963,819
2964,82
2965,314
2966,317
2967,962
2968,550
2969,237
2970,836
2971,164
2972,417
2973,560
2974,951
2975,935
2976,347
2977,374
2978,473
2979,463
2980,811
2981,322
2982,294
2983,554
2984,679
2985,885
2986,482
2987,571
2988,980
2989,141
2990,796
2991,749
2992,538
2993,570
2994,650
2995,855
2996,823
2997,542
2998,702
2999,231
3000,983
3001,152
3002,80
3003,752
3004,148
3005,351
3006,515
3007,984
3008,203
3009,697
3010,282
3011,980
3012,283
3013,500
3014,212
3015,832
3016,83
3017,231
3018,365
3019,405
3020,406
3021,605
3022,525
3023,562
3024,224
3025,274
3026,676
3027,984
3028,311
3029,973
3030,823
3031,97
3032,856
3033,29
3034,614
3035,402
3036,300
3037,465
3038,302
3039,347
3040,907
3041,606
3042,684
3043,603
3044,807
3045,538
3046,572
3047,640
3048,91
3049,69
3050,51
3051,896
3052,861
3053,169
3054,105
3055,380
3056,994
3057,93
3058,896
3059,980
3060,492
3061,316
3062,794
3063,731
3064,882
3065,812
3066,217
3067,697
3068,641
3069,773
3070,758
3071,586
3072,839
3073,578
3074,378
3075,120
3076,192
3077,112
3078,914
3079,601
3080,528
3081,277
3082,837
3083,590
3084,347
3085,429
3086,616
3087,125
3088,145
3089,444
3090,488
3091,803
3092,8
3093,160
3094,96
3095,270
3096,950
3097,573
3098,461
3099,836
3100,852
3101,623
3102,750
3103,620
3104,117
3105,915
3106,356
3107,298
3108,279
3109,633
3110,57
3111,805
3112,515
3113,346
3114,145
3115,791
3116,359
3117,931
3118,765
3119,533
3120,606
3121,574
3122,938
3123,565
3124,617
3125,874
3126,483
3127,829
3128,152
3129,671
3130,818
3131,848
3132,606
3133,569
3134,829
3135,857
3136,2
3137,63
3138,218
3139,402
3140,795
3141,781
3142,765
3143,469
3144,4
3145,435
3146,419
3147,927
3148,206
3149,575
3150,629
3151,577
3152,108
3153,139
3154,419
3155,896
3156,828
3157,732
3158,479
3159,55
3160,764
3161,540
3162,675
3163,752
3164,358
3165,641
3166,890
3167,780
3168,219
3169,18
3170,892
3171,63
3172,611
3173,447
3174,408
3175,467
3176,934
3177,2
3178,334
3179,682
3180,815
3181,322
3182,375
3183,566
3184,386
3185,564
3186,463
3187,428
3188,167
3189,258
3190,77
3191,770
3192,812
3193,854
3194,148
3195,582
3196,832
3197,993
3198,364
3199,696
3200,796
3201,211
3202,871
3203,717
3204,159
3205,536
3206,62
3207,598
3208,18
3209,396
3210,469
3211,368
3212,309
3213,6
3214,366
3215,150
3216,396
3217,511
3218,495
3219,108
3220,389
3221,301
3222,859
3223,690
3224,302
3225,919
3226,155
3227,503
3228,777
3229,700
3230,953
3231,244
3232,370
3233,836
3234,949
3235,399
3236,598
3237,773
3238,993
3239,419
3240,284
3241,921
3242,465
3243,293
3244,577
3245,289
3246,629
3247,808
3248,435
3249,693
3250,476
3251,397
3252,39
3253,763
3254,456
3255,362
3256,194
3257,945
3258,672
3259,245
3260,784
3261,434
3262,643
3263,221
3264,974
3265,418
3266,724
3267,463
3268,408
3269,428
3270,184
3271,65
3272,375
3273,658
3274,903
3275,726
3276,62
3277,530
3278,674
3279,951
3280,41
3281,402
3282,935
3283,159
3284,879
3285,348
3286,45
3287,332
3288,861
3289,560
3290,152
3291,563
3292,80
3293,677
3294,138
3295,837
3296,637
3297,725
3298,666
3299,716
3300,736
3301,567
3302,120
3303,367
3304,398
3305,782
3306,877
3307,304
3308,397
3309,225
3310,939
3311,557
3312,769
3313,853
3314,54
3315,956
3316,781
3317,171
3318,918
3319,845
3320,611
3321,57
3322,596
3323,160
3324,507
3325,635
3326,765
3327,996
3328,489
3329,707
3330,148
3331,615
3332,207
3333,967
3334,913
3335,639
3336,708
3337,544
3338,584
3339,136
3340,654
3341,147
3342,583
3343,447
3344,742
3345,684
3346,551
3347,453
3348,805
3349,389
3350,776
3351,626
3352,959
3353,772
3354,82
3355,422
3356,472
3357,718
3358,892
3359,341
3360,257
3361,639
3362,763
3363,886
3364,170
3365,253
3366,560
3367,905
3368,948
3369,568
3370,107
3371,679
3372,428
3373,737
3374,233
3375,277
3376,477
3377,875
3378,490
3379,522
3380,729
3381,13
3382,203
3383,320
3384,80
3385,171
3386,55
3387,998
3388,650
3389,522
3390,198
3391,409
3392,634
3393,213
3394,851
3395,103
3396,23
3397,141
3398,10
3399,323
3400,386
3401,169
3402,192
3403,379
3404,601
3405,79
3406,207
3407,984
3408,477
3409,597
3410,536
3411,584
3412,487
3413,370
3414,647
3415,938
3416,292
3417,40
3418,937
3419,526
3420,775
3421,915
3422,842
3423,323
3424,961
3425,252
3426,285
3427,965
3428,561
3429,458
3430,945
3431,331
3432,774
3433,257
3434,25
3435,737
3436,261
3437,653
3438,226
3439,437
3440,212
3441,878
3442,179
3443,706
3444,737
3445,114
3446,67
3447,771
3448,842
3449,705
3450,732
3451,785
3452,73
3453,649
3454,328
3455,851
3456,91
3457,319
3458,477
3459,545
3460,158
3461,915
3462,348
3463,799
3464,143
3465,284
3466,366
3467,699
3468,767
3469,294
3470,234
3471,144
3472,716
3473,441
3474,796
3475,631
3476,247
3477,874
3478,246
3479,398
3480,648
3481,225
3482,840
3483,426
3484,802
3485,620
3486,152
3487,32
3488,404
3489,151
3490,435
3491,809
3492,879
3493,854
3494,673
3495,581
3496,409
3497,781
3498,300
3499,828
3500,824
3501,234
3502,427
3503,160
3504,6
3505,718
3506,828
3507,539
3508,615
3509,371
3510,30
3511,457
3512,211
3513,889
3514,650
3515,578
3516,277
3517,152
3518,728
3519,270
3520,424
3521,510
3522,810
3523,441
3524,232
3525,234
3526,623
3527,711
3528,82
3529,944
3530,360
3531,646
3532,776
3533,343
3534,142
3535,572
3536,989
3537,880
3538,538
3539,915
3540,484
3541,716
3542,729
3543,598
3544,813
3545,374
3546,307
3547,896
3548,53
3549,144
3550,981
3551,578
3552,815
3553,7
3554,306
3555,335
3556,714
3557,352
3558,398
3559,23
3560,248
3561,779
3562,743
3563,911
3564,626
3565,533
3566,163
3567,320
3568,136
3569,299
3570,547
3571,268
3572,593
3573,776
3574,744
3575,418
3576,183
3577,898
3578,169
3579,61
3580,341
3581,934
3582,441
3583,304
3584,256
3585,673
3586,357
3587,302
3588,989
3589,760
3590,764
3591,88
3592,225
3593,257
3594,18
3595,776
3596,452
3597,433
3598,398
3599,18
3600,791
3601,949
3602,387
3603,865
3604,657
3605,362
3606,681
3607,48
3608,941
3609,870
3610,768
3611,893
3612,451
3613,956
3614,275
3615,126
3616,321
3617,669
3618,68
3619,787
3620,157
3621,355
3622,975
3623,229
3624,11
3625,258
3626,661
3627,705
3628,877
3629,8
3630,938
3631,594
3632,271
3633,839
3634,312
3635,285
3636,88
3637,130
3638,758
3639,457
3640,590
3641,598
3642,130
3643,749
3644,835
3645,428
3646,852
3647,995
3648,985
3649,778
3650,734
3651,183
3652,400
3653,993
3654,22
3655,965
3656,572
3657,754
3658,442
3659,285
3660,895
3661,523
3662,536
3663,157
3664,620
3665,267
3666,961
3667,132
3668,867
3669,445
3670,908
3671,739
3672,59
3673,982
3674,508
3675,75
3676,895
3677,822
3678,27
3679,11
3680,947
3681,328
3682,2
3683,754
3684,630
3685,928
3686,225
3687,483
3688,815
3689,492
3690,636
3691,33
3692,295
3693,489
3694,461
3695,131
3696,236
3697,830
3698,445
3699,633
3700,651
3701,893
3702,588
3703,499
3704,424
3705,445
3706,84
3707,120
3708,975
3709,934
3710,184
3711,171
3712,699
3713,850
3714,59
3715,406
3716,244
3717,257
3718,704
3719,673
3720,46
3721,767
3722,958
3723,853
3724,626
3725,458
3726,72
3727,856
3728,967
3729,475
3730,119
3731,215
3732,214
3733,95
3734,860
3735,116
3736,753
3737,239
3738,268
3739,115
3740,561
3741,823
3742,818
3743,649
3744,946
3745,624
3746,550
3747,756
3748,471
3749,57
3750,918
3751,902
3752,588
3753,699
3754,4
3755,395
3756,707
3757,673
3758,207
3759,271
3760,635
3761,202
3762,985
3763,623
3764,897
3765,263
3766,294
3767,676
3768,858
3769,857
3770,918
3771,481
3772,135
3773,836
3774,510
3775,15
3776,39
3777,356
3778,833
3779,960
3780,634
3781,835
3782,98
3783,722
3784,178
3785,62
3786,336
3787,823
3788,394
3789,641
3790,439
3791,297
3792,343
3793,905
3794,308
3795,300
3796,500
3797,897
3798,524
3799,349
3800,282
3801,411
3802,317
3803,61
3804,758
3805,820
3806,856
3807,708
3808,967
3809,355
3810,250
3811,292
3812,566
3813,224
3814,709
3815,708
3816,897
3817,962
3818,613
3819,625
3820,531
3821,764
3822,219
3823,756
3824,168
3825,124
3826,127
3827,227
3828,544
3829,589
3830,552
3831,513
3832,882
3833,833
3834,361
3835,63
3836,641
3837,65
3838,269
3839,176
3840,818
3841,729
3842,314
3843,519
3844,508
3845,244
3846,242
3847,227
3848,974
3849,617
3850,551
3851,276
3852,837
3853,160
3854,429
3855,798
3856,114
3857,306
3858,167
3859,587
3860,561
3861,768
3862,593
3863,943
3864,964
3865,149
3866,731
3867,801
3868,145
3869,6
3870,964
3871,117
3872,36
3873,723
3874,267
3875,154
3876,47
3877,234
3878,379
3879,261
3880,465
3881,114
3882,648
3883,579
3884,569
3885,303
3886,635
3887,333
3888,643
3889,148
3890,587
3891,624
3892,908
3893,474
3894,956
3895,836
3896,147
3897,398
3898,362
3899,223
3900,434
3901,275
3902,376
3903,264
3904,122
3905,700
3906,307
3907,564
3908,370
3909,500
3910,211
3911,200
3912,974
3913,362
3914,125
3915,988
3916,149
3917,737
3918,761
3919,147
3920,983
3921,57
3922,665
3923,81
3924,760
3925,161
3926,214
3927,677
3928,950
3929,202
3930,877
3931,484
3932,308
3933,714
3934,782
3935,519
3936,986
3937,387
3938,886
3939,782
3940,375
3941,529
3942,828
3943,972
3944,755
3945,899
3946,889
3947,47
3948,492
3949,987
3950,121
3951,201
3952,363
3953,647
3954,49
3955,772
3956,382
3957,119
3958,405
3959,860
3960,269
3961,388
3962,144
3963,652
3964,292
3965,958
3966,606
3967,555
3968,943
3969,403
3970,555
3971,252
3972,137
3973,204
3974,782
3975,611
3976,954
3977,167
3978,942
3979,263
3980,483
3981,262
3982,389
3983,229
3984,697
3985,464
3986,863
3987,77
3988,344
3989,72
3990,473
3991,311
3992,573
3993,16
3994,948
3995,441
3996,598
3997,84
3998,619
3999,350
4000,221
4001,13
4002,836
4003,855
4004,820
4005,834
4006,707
4007,26
4008,657
4009,891
4010,487
4011,262
4012,842
4013,197
4014,713
4015,887
4016,347
4017,111
4018,351
4019,488
4020,276
4021,374
4022,460
4023,336
4024,190
4025,323
4026,396
4027,991
4028,264
4029,175
4030,515
4031,145
4032,771
4033,786
4034,305
4035,716
4036,38
4037,962
4038,718
4039,179
4040,69
4041,972
4042,442
4043,720
4044,697
4045,259
4046,426
4047,474
4048,262
4049,281
4050,520
4051,693
4052,297
4053,349
4054,361
4055,637
4056,610
4057,603
4058,255
4059,546
4060,806
4061,786
4062,261
4063,267
4064,619
4065,26
4066,905
4067,260
4068,474
4069,963
4070,608
4071,383
4072,93
4073,484
4074,725
4075,913
4076,397
4077,225
4078,316
4079,196
4080,602
4081,609
4082,663
4083,338
4084,919
4085,604
4086,77
4087,198
4088,64
4089,342
4090,770
4091,372
4092,390
4093,656
4094,719
4095,37
4096,662
4097,673
4098,260
4099,651
4100,57
4101,359
4102,157
4103,377
4104,923
4105,538
4106,107
4107,540
4108,798
4109,393
4110,726
4111,109
4112,217
4113,546
4114,132
4115,296
4116,424
4117,98
4118,913
4119,536
4120,696
4121,28
4122,818
4123,769
4124,811
4125,196
4126,686
4127,610
4128,842
4129,345
4130,244
4131,435
4132,622
4133,529
4134,542
4135,335
4136,78
4137,407
4138,807
4139,932
4140,536
4141,687
4142,638
4143,350
4144,634
4145,371
4146,914
4147,964
4148,987
4149,584
4150,250
4151,554
4152,660
4153,248
4154,913
4155,745
4156,450
4157,929
4158,289
4159,17
4160,574
4161,84
4162,268
4163,161
4164,414
4165,81
4166,227
4167,543
4168,59
4169,943
4170,424
4171,755
4172,584
4173,655
4174,522
4175,805
4176,934
4177,590
4178,356
4179,842
4180,926
4181,782
4182,685
4183,230
4184,962
4185,233
4186,663
4187,67
4188,912
4189,665
4190,18
4191,145
4192,220
4193,853
4194,767
4195,486
4196,471
4197,115
4198,811
4199,725
4200,244
4201,124
4202,128
4203,482
4204,451
4205,139
4206,184
4207,201
4208,745
4209,517
4210,824
4211,382
4212,155
4213,122
4214,804
4215,902
4216,518
4217,290
4218,841
4219,793
4220,83
4221,989
4222,241
4223,982
4224,963
4225,732
4226,760
4227,372
4228,366
4229,420
4230,461
4231,336
4232,220
4233,631
4234,587
4235,887
4236,374
4237,603
4238,780
4239,906
4240,718
4241,615
4242,956
4243,748
4244,299
4245,728
4246,29
4247,867
4248,428
4249,22
4250,453
4251,177
4252,719
4253,674
4254,600
4255,142
4256,650
4257,616
4258,722
4259,536
4260,233
4261,605
4262,196
4263,811
4264,839
4265,49
4266,66
4267,76
4268,91
4269,649
4270,604
4271,954
4272,430
4273,445
4274,598
4275,501
4276,413
4277,253
4278,552
4279,783
4280,687
4281,834
4282,599
4283,402
4284,527
4285,316
4286,500
4287,209
4288,904
4289,553
4290,149
4291,273
4292,544
4293,626
4294,21
4295,672
4296,762
4297,538
4298,384
4299,422
4300,23
4301,521
4302,837
4303,528
4304,151
4305,306
4306,200
4307,729
4308,493
4309,736
4310,214
4311,863
4312,241
4313,769
4314,101
4315,434
4316,162
4317,133
4318,583
4319,898
4320,817
4321,773
4322,396
4323,734
4324,240
4325,443
4326,339
4327,127
4328,739
4329,385
4330,720
4331,457
4332,227
4333,307
4334,267
4335,84
4336,809
4337,393
4338,688
4339,740
4340,558
4341,559
4342,924
4343,356
4344,89
4345,461
4346,386
4347,409
4348,614
4349,651
4350,879
4351,305
4352,918
4353,25
4354,102
4355,725
4356,715
4357,893
4358,459
4359,942
4360,311
4361,820
4362,980
4363,679
4364,447
4365,71
4366,853
4367,673
4368,903
4369,601
4370,936
4371,522
4372,839
4373,627
4374,785
4375,698
4376,337
4377,337
4378,703
4379,903
4380,165
4381,908
4382,920
4383,909
4384,725
4385,140
4386,896
4387,229
4388,448
4389,810
4390,176
4391,114
4392,484
4393,710
4394,16
4395,395
4396,393
4397,219
4398,681
4399,983
4400,493
4401,241
4402,852
4403,34
4404,970
4405,408
4406,776
4407,46
4408,144
4409,356
4410,260
4411,126
4412,89
4413,275
4414,5
4415,819
4416,492
4417,792
4418,301
4419,541
4420,62
4421,515
4422,335
4423,717
4424,991
4425,85
4426,915
4427,595
4428,63
4429,399
4430,695
4431,193
4432,796
4433,738
4434,767
4435,262
4436,641
4437,670
4438,11
4439,619
4440,183
4441,223
4442,455
4443,899
4444,37
4445,579
4446,625
4447,868
4448,696
4449,648
4450,538
4451,330
4452,146
4453,708
4454,488
4455,390
4456,394
4457,21
4458,10
4459,71
4460,576
4461,45
4462,849
4463,894
4464,926
4465,467
4466,373
4467,808
4468,76
4469,273
4470,483
4471,452
4472,96
4473,755
4474,124
4475,445
4476,287
4477,434
4478,520
4479,598
4480,327
4481,362
4482,21
4483,2
4484,407
4485,94
4486,919
4487,436
4488,567
4489,78
4490,477
4491,77
4492,733
4493,412
4494,977
4495,908
4496,212
4497,233
4498,413
4499,575
4500,837
4501,899
4502,961
4503,563
4504,885
4505,82
4506,93
4507,520
4508,968
4509,104
4510,941
4511,249
4512,823
4513,250
4514,99
4515,653
4516,624
4517,294
4518,614
4519,247
4520,439
4521,902
4522,778
4523,263
4524,860
4525,659
4526,561
4527,592
4528,848
4529,518
4530,375
4531,840
4532,296
4533,488
4534,171
4535,174
4536,236
4537,243
4538,295
4539,277
4540,738
4541,41
4542,128
4543,623
4544,890
4545,901
4546,345
4547,509
4548,188
4549,232
4550,546
4551,647
4552,781
4553,716
4554,946
4555,512
4556,653
4557,95
4558,362
4559,533
4560,420
4561,46
4562,664
4563,582
4564,529
4565,581
4566,464
4567,484
4568,838
4569,552
4570,918
4571,860
4572,975
4573,257
4574,117
4575,145
4576,953
4577,195
4578,643
4579,625
4580,245
4581,611
4582,142
4583,977
4584,852
4585,959
4586,531
4587,921
4588,626
4589,586
4590,148
4591,93
4592,789
4593,721
4594,426
4595,211
4596,121
4597,380
4598,263
4599,835
4600,156
4601,820
4602,40
4603,531
4604,959
4605,372
4606,403
4607,284
4608,43
4609,562
4610,51
4611,145
4612,373
4613,235
4614,367
4615,583
4616,928
4617,90
4618,754
4619,214
4620,510
4621,169
4622,23
4623,592
4624,584
4625,297
4626,663
4627,358
4628,737
4629,384
4630,952
4631,437
4632,885
4633,215
4634,496
4635,944
4636,613
4637,338
4638,138
4639,69
4640,533
4641,966
4642,309
4643,527
4644,510
4645,727
4646,166
4647,332
4648,555
4649,186
4650,341
4651,547
4652,695
4653,903
4654,943
4655,781
4656,265
4657,55
4658,10
4659,884
4660,407
4661,133
4662,146
4663,419
4664,795
4665,560
4666,149
4667,885
4668,639
4669,180
4670,42
4671,327
4672,350
4673,334
4674,121
4675,825
4676,723
4677,651
4678,210
4679,944
4680,36
4681,127
4682,956
4683,770
4684,582
4685,781
4686,992
4687,255
4688,765
4689,860
4690,83
4691,387
4692,717
4693,302
4694,793
4695,94
4696,409
4697,162
4698,236
4699,419
4700,310
4701,863
4702,139
4703,841
4704,770
4705,456
4706,452
4707,859
4708,926
4709,206
4710,851
4711,826
4712,709
4713,789
4714,861
4715,365
4716,986
4717,371
4718,624
4719,427
4720,216
4721,402
4722,338
4723,220
4724,920
4725,707
4726,128
4727,899
4728,82
4729,375
4730,894
4731,929
4732,947
4733,262
4734,250
4735,131
4736,324
4737,103
4738,755
4739,799
4740,787
4741,195
4742,39
4743,398
4744,1
4745,131
4746,544
4747,392
4748,204
4749,267
4750,23
4751,478
4752,781
4753,851
4754,969
4755,85
4756,494
4757,999
4758,878
4759,561
4760,418
4761,130
4762,865
4763,695
4764,468
4765,520
4766,10
4767,565
4768,408
4769,384
4770,524
4771,184
4772,428
4773,93
4774,610
4775,285
4776,684
4777,64
4778,346
4779,784
4780,948
4781,872
4782,657
4783,703
4784,541
4785,699
4786,933
4787,73
4788,640
4789,465
4790,465
4791,24
4792,593
4793,641
4794,794
4795,574
4796,82
4797,530
4798,448
4799,957
4800,446
4801,578
4802,332
4803,188
4804,575
4805,513
4806,64
4807,599
4808,580
4809,335
4810,347
4811,941
4812,874
4813,266
4814,207
4815,544
4816,985
4817,803
4818,478
4819,21
4820,324
4821,961
4822,865
4823,63
4824,920
4825,681
4826,910
4827,749
4828,325
4829,71
4830,665
4831,243
4832,106
4833,97
4834,241
4835,388
4836,963
4837,969
4838,613
4839,459
4840,221
4841,100
4842,83
4843,814
4844,627
4845,130
4846,497
4847,56
4848,964
4849,821
4850,979
4851,461
4852,376
4853,774
4854,674
4855,77
4856,685
4857,771
4858,780
4859,783
4860,88
4861,754
4862,333
4863,861
4864,259
4865,101
4866,113
4867,72
4868,64
4869,934
4870,330
4871,96
4872,250
4873,777
4874,91
4875,970
4876,814
4877,317
4878,558
4879,101
4880,773
4881,695
4882,907
4883,200
4884,968
4885,916
4886,816
4887,42
4888,729
4889,416
4890,137
4891,811
4892,937
4893,125
4894,954
4895,436
4896,870
4897,359
4898,640
4899,744
4900,639
4901,230
4902,821
4903,515
4904,189
4905,464
4906,157
4907,790
4908,865
4909,827
4910,213
4911,326
4912,243
4913,712
4914,58
4915,111
4916,661
4917,600
4918,100
4919,42
4920,587
4921,152
4922,719
4923,73
4924,85
4925,831
4926,925
4927,459
4928,158
4929,949
4930,220
4931,572
4932,890
4933,465
4934,402
4935,629
4936,712
4937,740
4938,758
4939,26
4940,719
4941,636
4942,63
4943,348
4944,711
4945,499
4946,353
4947,140
4948,257
4949,292
4950,82
4951,686
4952,522
4953,814
4954,236
4955,941
4956,753
4957,395
4958,880
4959,870
4960,569
4961,709
4962,936
4963,169
4964,800
4965,511
4966,70
4967,191
4968,199
4969,581
4970,622
4971,340
4972,681
4973,134
4974,449
4975,592
4976,68
4977,40
4978,575
4979,722
4980,395
4981,726
4982,863
4983,355
4984,597
4985,715
4986,483
4987,176
4988,567
4989,756
4990,140
4991,122
4992,674
4993,385
4994,311
4995,287
4996,474
4997,79
4998,242
4999,496
5000,57
5001,638
5002,867
5003,754
5004,229
5005,474
5006,107
5007,612
5008,811
5009,294
5010,689
5011,135
5012,318
5013,71
5014,149
5015,919
5016,783
5017,169
5018,374
5019,275
5020,394
5021,96
5022,38
5023,270
5024,773
5025,345
5026,717
5027,390
5028,262
5029,221
5030,145
5031,814
5032,731
5033,122
5034,902
5035,49
5036,588
5037,137
5038,694
5039,487
5040,893
5041,739
5042,827
5043,106
5044,666
5045,933
5046,667
5047,550
5048,550
5049,371
5050,719
5051,684
5052,104
5053,647
5054,5
5055,637
5056,997
5057,462
5058,837
5059,863
5060,435
5061,574
5062,660
5063,272
5064,262
5065,210
5066,157
5067,637
5068,58
5069,963
5070,393
5071,174
5072,829
5073,889
5074,904
5075,860
5076,624
5077,918
5078,881
5079,520
5080,755
5081,68
5082,281
5083,403
5084,552
5085,501
5086,104
5087,467
5088,199
5089,955
5090,855
5091,225
5092,684
5093,740
5094,444
5095,367
5096,556
5097,972
5098,950
5099,204
5100,128
5101,647
5102,887
5103,773
5104,258
5105,54
5106,81
5107,252
5108,224
5109,682
5110,782
5111,667
5112,5
5113,830
5114,150
5115,164
5116,570
5117,89
5118,983
5119,128
5120,914
5121,481
5122,509
5123,487
5124,86
5125,836
5126,429
5127,435
5128,896
5129,669
5130,657
5131,713
5132,192
5133,683
5134,662
5135,59
5136,494
5137,193
5138,268
5139,601
5140,93
5141,376
5142,143
5143,940
5144,918
5145,940
5146,838
5147,93
5148,689
5149,696
5150,843
5151,987
5152,284
5153,194
5154,606
5155,359
5156,485
5157,847
5158,713
5159,866
5160,146
5161,796
5162,991
5163,385
5164,209
5165,7
5166,630
5167,207
5168,40
5169,236
5170,363
5171,265
5172,578
5173,410
5174,896
5175,214
5176,332
5177,321
5178,857
5179,380
5180,704
5181,249
5182,683
5183,698
5184,88
5185,690
5186,974
5187,527
5188,776
5189,916
5190,221
5191,802
5192,929
5193,105
5194,899
5195,229
5196,632
5197,981
5198,235
5199,94
5200,803
5201,561
5202,210
5203,901
5204,977
5205,426
5206,821
5207,554
5208,693
5209,274
5210,267
5211,764
5212,378
5213,631
5214,925
5215,819
5216,462
5217,1
5218,626
5219,318
5220,202
5221,155
5222,557
5223,542
5224,522
5225,806
5226,613
5227,811
5228,58
5229,763
5230,45
5231,72
5232,829
5233,543
5234,685
5235,352
5236,435
5237,166
5238,638
5239,941
5240,757
5241,100
5242,617
5243,721
5244,208
5245,409
5246,488
5247,931
5248,251
5249,169
5250,952
5251,206
5252,840
5253,154
5254,560
5255,4
5256,417
5257,269
5258,2
5259,162
5260,827
5261,615
5262,819
5263,468
5264,810
5265,713
5266,688
5267,152
5268,552
5269,520
5270,846
5271,47
5272,107
5273,905
5274,941
5275,139
5276,194
5277,209
5278,471
5279,407
5280,956
5281,957
5282,24
5283,239
5284,730
5285,5
5286,267
5287,577
5288,849
5289,622
5290,893
5291,927
5292,867
5293,68
5294,565
5295,52
5296,78
5297,931
5298,846
5299,883
5300,517
5301,990
5302,998
5303,15
5304,247
5305,249
5306,448
5307,566
5308,626
5309,220
5310,424
5311,897
5312,918
5313,900
5314,914
5315,526
5316,754
5317,21
5318,886
5319,804
5320,466
5321,805
5322,92
5323,589
5324,495
5325,426
5326,883
5327,236
5328,850
5329,666
5330,429
5331,696
5332,571
5333,153
5334,550
5335,721
5336,476
5337,4
5338,962
5339,945
5340,674
5341,16
5342,701
5343,475
5344,658
5345,348
5346,196
5347,927
5348,390
5349,194
5350,520
5351,372
5352,913
5353,286
5354,597
5355,293
5356,695
5357,243
5358,463
5359,424
5360,783
5361,129
5362,141
5363,477
5364,117
5365,442
5366,252
5367,171
5368,655
5369,832
5370,214
5371,323
5372,399
5373,477
5374,553
5375,210
5376,694
5377,52
5378,767
5379,511
5380,375
5381,501
5382,871
5383,987
5384,928
5385,538
5386,763
5387,264
5388,422
5389,87
5390,575
5391,12
5392,195
5393,860
5394,98
5395,957
5396,533
5397,505
5398,661
5399,79
5400,802
5401,639
5402,82
5403,685
5404,785
5405,167
5406,66
5407,436
5408,786
5409,131
5410,946
5411,777
5412,223
5413,402
5414,858
5415,916
5416,630
5417,583
5418,664
5419,255
5420,712
5421,46
5422,551
5423,327
5424,92
5425,245
5426,165
5427,444
5428,220
5429,973
5430,509
5431,70
5432,415
5433,772
5434,900
5435,147
5436,151
5437,406
5438,464
5439,105
5440,666
5441,305
5442,264
5443,49
5444,531
5445,954
5446,515
5447,586
5448,961
5449,931
5450,522
5451,778
5452,625
5453,173
5454,777
5455,347
5456,747
5457,150
5458,20
5459,386
5460,856
5461,113
5462,315
5463,96
5464,269
5465,585
5466,549
5467,906
5468,177
5469,460
5470,129
5471,683
5472,330
5473,691
5474,344
5475,909
5476,632
5477,545
5478,637
5479,966
5480,361
5481,692
5482,733
5483,398
5484,507
5485,581
5486,531
5487,259
5488,398
5489,308
5490,728
5491,186
5492,337
5493,597
5494,313
5495,874
5496,602
5497,339
5498,305
5499,553
5500,362
5501,188
5502,804
5503,150
5504,887
5505,529
5506,499
5507,844
5508,978
5509,760
5510,931
5511,642
5512,974
5513,606
5514,475
5515,953
5516,402
5517,879
5518,355
5519,349
5520,820
5521,624
5522,428
5523,246
5524,269
5525,565
5526,113
5527,151
5528,698
5529,230
5530,761
5531,752
5532,824
5533,673
5534,619
5535,510
5536,374
5537,261
5538,551
5539,35
5540,258
5541,282
5542,65
5543,254
5544,627
5545,73
5546,215
5547,306
5548,818
5549,575
5550,808
5551,666
5552,278
5553,534
5554,665
5555,310
5556,624
5557,961
5558,895
5559,116
5560,763
5561,907
5562,859
5563,559
5564,381
5565,477
5566,120
5567,165
5568,595
5569,989
5570,213
5571,801
5572,970
5573,113
5574,825
5575,825
5576,119
5577,221
5578,998
5579,356
5580,536
5581,113
5582,787
5583,194
5584,377
5585,772
5586,55
5587,633
5588,72
5589,950
5590,33
5591,194
5592,597
5593,51
5594,958
5595,435
5596,305
5597,738
5598,507
5599,845
5600,566
5601,848
5602,60
5603,805
5604,832
5605,204
5606,221
5607,360
5608,745
5609,737
5610,953
5611,625
5612,229
5613,911
5614,317
5615,139
5616,741
5617,405
5618,459
5619,277
5620,481
5621,507
5622,687
5623,257
5624,21
5625,413
5626,180
5627,939
5628,214
5629,528
5630,148
5631,527
5632,673
5633,470
5634,176
5635,389
5636,647
5637,943
5638,252
5639,483
5640,132
5641,835
5642,861
5643,600
5644,625
5645,534
5646,803
5647,358
5648,585
5649,859
5650,653
5651,224
5652,80
5653,671
5654,743
5655,28
5656,363
5657,643
5658,617
5659,403
5660,597
5661,599
5662,946
5663,391
5664,303
5665,612
5666,583
5667,358
5668,914
5669,264
5670,611
5671,548
5672,7
5673,293
5674,793
5675,20
5676,526
5677,158
5678,545
5679,533
5680,807
5681,354
5682,404
5683,743
5684,804
5685,374
5686,223
5687,264
5688,459
5689,298
5690,634
5691,996
5692,20
5693,655
5694,429
5695,848
5696,953
5697,104
5698,156
5699,192
5700,243
5701,214
5702,461
5703,690
5704,302
5705,987
5706,950
5707,894
5708,936
5709,175
5710,661
5711,190
5712,781
5713,832
5714,97
5715,451
5716,728
5717,309
5718,596
5719,658
5720,240
5721,838
5722,820
5723,120
5724,542
5725,444
5726,941
5727,686
5728,366
5729,756
5730,454
5731,526
5732,842
5733,644
5734,397
5735,432
5736,130
5737,996
5738,69
5739,394
5740,414
5741,597
5742,447
5743,669
5744,205
5745,417
5746,755
5747,32
5748,947
5749,835
5750,878
5751,798
5752,848
5753,317
5754,252
5755,439
5756,666
5757,229
5758,543
5759,868
5760,885
5761,378
5762,733
5763,173
5764,652
5765,675
5766,319
5767,158
5768,975
5769,722
5770,444
5771,104
5772,365
5773,160
5774,29
5775,691
5776,803
5777,18
5778,847
5779,25
5780,431
5781,736
5782,456
5783,823
5784,856
5785,691
5786,867
5787,661
5788,795
5789,405
5790,878
5791,708
5792,902
5793,381
5794,460
5795,861
5796,396
5797,614
5798,24
5799,311
5800,81
5801,463
5802,78
5803,790
5804,189
5805,104
5806,306
5807,569
5808,677
5809,315
5810,49
5811,162
5812,962
5813,625
5814,818
5815,473
5816,931
5817,313
5818,746
5819,990
5820,538
5821,940
5822,790
5823,690
5824,50
5825,609
5826,232
5827,949
5828,847
5829,924
5830,321
5831,311
5832,15
5833,126
5834,805
5835,779
5836,652
5837,227
5838,85
5839,977
5840,935
5841,598
5842,454
5843,794
5844,768
5845,294
5846,919
5847,81
5848,65
5849,612
5850,677
5851,68
5852,353
5853,79
5854,960
5855,735
5856,684
5857,586
5858,759
5859,358
5860,145
5861,979
5862,15
5863,617
5864,336
5865,215
5866,667
5867,600
5868,478
5869,981
5870,671
5871,617
5872,611
5873,483
5874,340
5875,112
5876,43
5877,589
5878,886
5879,669
5880,200
5881,796
5882,534
5883,974
5884,251
5885,544
5886,985
5887,242
5888,961
5889,59
5890,883
5891,752
5892,879
5893,119
5894,694
5895,155
5896,980
5897,359
5898,232
5899,720
5900,354
5901,789
5902,761
5903,181
5904,831
5905,458
5906,101
5907,81
5908,197
5909,302
5910,717
5911,414
5912,938
5913,997
5914,12
5915,971
5916,407
5917,778
5918,194
5919,143
5920,418
5921,136
5922,291
5923,740
5924,55
5925,669
5926,96
5927,396
5928,382
5929,170
5930,717
5931,488
5932,917
5933,930
5934,12
5935,351
5936,404
5937,578
5938,2
5939,683
5940,97
5941,82
5942,843
5943,232
5944,979
5945,435
5946,926
5947,372
5948,982
5949,682
5950,911
5951,777
5952,895
5953,980
5954,966
5955,540
5956,939
5957,93
5958,570
5959,703
5960,921
5961,192
5962,908
5963,861
5964,797
5965,792
5966,577
5967,563
5968,906
5969,593
5970,951
5971,886
5972,475
5973,931
5974,918
5975,74
5976,386
5977,894
5978,251
5979,810
5980,105
5981,684
5982,260
5983,614
5984,852
5985,567
5986,723
5987,718
5988,571
5989,323
5990,578
5991,475
5992,175
5993,403
5994,613
5995,855
5996,565
5997,609
5998,906
5999,88
6000,295
6001,436
6002,964
6003,905
6004,620
6005,825
6006,932
6007,872
6008,72
6009,943
6010,46
6011,904
6012,341
6013,113
6014,441
6015,476
6016,2
6017,382
6018,380
6019,264
6020,405
6021,977
6022,955
6023,373
6024,674
6025,336
6026,693
6027,201
6028,344
6029,899
6030,333
6031,710
6032,431
6033,687
6034,153
6035,92
6036,595
6037,732
6038,435
6039,92
6040,903
6041,275
6042,893
6043,313
6044,474
6045,547
6046,922
6047,6
6048,943
6049,540
6050,588
6051,71
6052,652
6053,803
6054,646
6055,753
6056,175
6057,245
6058,807
6059,369
6060,869
6061,510
6062,735
6063,241
6064,22
6065,477
6066,172
6067,859
6068,537
6069,170
6070,903
6071,616
6072,386
6073,652
6074,458
6075,478
6076,406
6077,377
6078,885
6079,328
6080,930
6081,432
6082,419
6083,930
6084,729
6085,727
6086,957
6087,809
6088,716
6089,665
6090,945
6091,780
6092,39
6093,323
6094,715
6095,907
6096,127
6097,128
6098,470
6099,552
6100,581
6101,84
6102,796
6103,855
6104,997
6105,940
6106,840
6107,24
6108,658
6109,332
6110,736
6111,597
6112,427
6113,98
6114,908
6115,741
6116,897
6117,681
6118,793
6119,958
6120,838
6121,137
6122,733
6123,819
6124,477
6125,648
6126,839
6127,815
6128,341
6129,966
6130,974
6131,485
6132,486
6133,822
6134,227
6135,439
6136,871
6137,551
6138,73
6139,203
6140,911
6141,187
6142,225
6143,544
6144,782
6145,574
6146,260
6147,950
6148,121
6149,740
6150,944
6151,464
6152,392
6153,207
6154,886
6155,980
6156,954
6157,956
6158,987
6159,279
6160,983
6161,29
6162,242
6163,246
6164,920
6165,846
6166,974
6167,905
6168,168
6169,676
6170,615
6171,411
6172,826
6173,607
6174,374
6175,536
6176,134
6177,562
6178,883
6179,399
6180,776
6181,503
6182,664
6183,849
6184,215
6185,854
6186,965
6187,534
6188,307
6189,607
6190,963
6191,76
6192,699
6193,612
6194,230
6195,535
6196,353
6197,461
6198,283
6199,713
6200,90
6201,544
6202,242
6203,284
6204,277
6205,854
6206,743
6207,659
6208,36
6209,56
6210,986
6211,522
6212,794
6213,213
6214,784
6215,729
6216,624
6217,745
6218,297
6219,677
6220,200
6221,668
6222,317
6223,736
6224,462
6225,144
6226,245
6227,467
6228,130
6229,600
6230,187
6231,105
6232,726
6233,615
6234,432
6235,14
6236,228
6237,331
6238,834
6239,564
6240,209
6241,900
6242,844
6243,896
6244,585
6245,292
6246,693
6247,645
6248,660
6249,563
6250,774
6251,340
6252,974
6253,68
6254,583
6255,845
6256,297
6257,909
6258,299
6259,419
6260,494
6261,19
6262,569
6263,296
6264,217
6265,340
6266,767
6267,139
6268,232
6269,27
6270,76
6271,767
6272,372
6273,745
6274,876
6275,133
6276,125
6277,839
6278,496
6279,809
6280,550
6281,682
6282,44
6283,2
6284,743
6285,596
6286,928
6287,846
6288,223
6289,943
6290,357
6291,621
6292,391
6293,306
6294,171
6295,744
6296,816
6297,229
6298,589
6299,854
6300,15
6301,512
6302,95
6303,9
6304,607
6305,515
6306,783
6307,393
6308,196
6309,874
6310,729
6311,719
6312,575
6313,682
6314,103
6315,220
6316,167
6317,899
6318,397
6319,637
6320,108
6321,420
6322,90
6323,983
6324,452
6325,711
6326,282
6327,595
6328,836
6329,404
6330,576
6331,665
6332,594
6333,527
6334,38
6335,947
6336,982
6337,771
6338,869
6339,132
6340,930
6341,566
6342,581
6343,101
6344,684
6345,41
6346,492
6347,250
6348,349
6349,162
6350,540
6351,841
6352,912
6353,76
6354,437
6355,345
6356,465
6357,738
6358,907
6359,777
6360,473
6361,610
6362,678
6363,979
6364,750
6365,290
6366,914
6367,721
6368,399
6369,876
6370,557
6371,383
6372,467
6373,296
6374,375
6375,530
6376,962
6377,590
6378,142
6379,645
6380,733
6381,959
6382,814
6383,922
6384,179
6385,984
6386,877
6387,788
6388,66
6389,575
6390,955
6391,249
6392,107
6393,682
6394,698
6395,978
6396,877
6397,639
6398,120
6399,941
6400,297
6401,134
6402,706
6403,563
6404,568
6405,545
6406,246
6407,796
6408,664
6409,142
6410,784
6411,749
6412,773
6413,646
6414,391
6415,331
6416,879
6417,768
6418,988
6419,722
6420,206
6421,866
6422,859
6423,693
6424,979
6425,691
6426,605
6427,66
6428,965
6429,808
6430,646
6431,858
6432,855
6433,354
6434,414
6435,312
6436,205
6437,853
6438,626
6439,945
6440,429
6441,497
6442,273
6443,551
6444,241
6445,244
6446,15
6447,243
6448,819
6449,580
6450,631
6451,546
6452,194
6453,284
6454,266
6455,790
6456,740
6457,945
6458,95
6459,227
6460,774
6461,73
6462,195
6463,887
6464,702
6465,336
6466,126
6467,129
6468,219
6469,168
6470,286
6471,806
6472,654
6473,321
6474,89
6475,740
6476,430
6477,123
6478,627
6479,671
6480,757
6481,116
6482,889
6483,193
6484,866
6485,978
6486,504
6487,503
6488,879
6489,138
6490,408
6491,933
6492,639
6493,252
6494,521
6495,751
6496,809
6497,737
6498,562
6499,840
6500,408
6501,792
6502,974
6503,821
6504,145
6505,987
6506,728
6507,207
6508,90
6509,447
6510,614
6511,530
6512,626
6513,853
6514,969
6515,690
6516,274
6517,722
6518,146
6519,863
6520,961
6521,500
6522,580
6523,920
6524,410
6525,417
6526,934
6527,587
6528,327
6529,727
6530,85
6531,36
6532,111
6533,260
6534,498
6535,648
6536,105
6537,270
6538,644
6539,850
6540,463
6541,968
6542,192
6543,662
6544,828
6545,176
6546,837
6547,768
6548,140
6549,619
6550,949
6551,590
6552,967
6553,983
6554,780
6555,778
6556,302
6557,691
6558,880
6559,8
6560,962
6561,745
6562,732
6563,468
6564,994
6565,730
6566,207
6567,923
6568,356
6569,879
6570,863
6571,760
6572,488
6573,762
6574,179
6575,82
6576,381
6577,599
6578,418
6579,42
6580,437
6581,333
6582,549
6583,397
6584,97
6585,153
6586,460
6587,882
6588,262
6589,734
6590,480
6591,493
6592,987
6593,345
6594,526
6595,811
6596,142
6597,173
6598,840
6599,392
6600,754
6601,650
6602,108
6603,692
6604,551
6605,443
6606,336
6607,390
6608,137
6609,114
6610,643
6611,771
6612,180
6613,604
6614,559
6615,73
6616,153
6617,191
6618,32
6619,507
6620,63
6621,901
6622,402
6623,440
6624,716
6625,725
6626,137
6627,503
6628,24
6629,313
6630,596
6631,779
6632,571
6633,722
6634,108
6635,16
6636,248
6637,78
6638,264
6639,391
6640,597
6641,373
6642,711
6643,541
6644,949
6645,556
6646,153
6647,573
6648,228
6649,856
6650,356
6651,527
6652,79
6653,90
6654,40
6655,677
6656,364
6657,366
6658,264
6659,838
6660,250
6661,885
6662,425
6663,622
6664,787
6665,971
6666,775
6667,695
6668,455
6669,364
6670,516
6671,965
6672,113
6673,420
6674,671
6675,645
6676,662
6677,783
6678,921
6679,635
6680,448
6681,344
6682,144
6683,92
6684,291
6685,996
6686,181
6687,49
6688,357
6689,144
6690,546
6691,269
6692,105
6693,813
6694,690
6695,265
6696,777
6697,625
6698,629
6699,60
6700,647
6701,649
6702,956
6703,430
6704,594
6705,759
6706,796
6707,860
6708,722
6709,749
6710,169
6711,447
6712,828
6713,988
6714,433
6715,215
6716,318
6717,606
6718,168
6719,429
6720,495
6721,40
6722,519
6723,245
6724,247
6725,609
6726,104
6727,817
6728,278
6729,759
6730,251
6731,960
6732,177
6733,987
6734,45
6735,611
6736,417
6737,761
6738,120
6739,23
6740,796
6741,296
6742,874
6743,865
6744,395
6745,444
6746,469
6747,565
6748,561
6749,199
6750,187
6751,767
6752,579
6753,40
6754,358
6755,439
6756,808
6757,225
6758,620
6759,543
6760,263
6761,479
6762,118
6763,687
6764,49
6765,461
6766,575
6767,661
6768,633
6769,730
6770,227
6771,872
6772,395
6773,474
6774,514
6775,480
6776,729
6777,703
6778,51
6779,434
6780,235
6781,153
6782,845
6783,517
6784,404
6785,894
6786,338
6787,527
6788,14
6789,171
6790,159
6791,771
6792,904
6793,422
6794,340
6795,776
6796,294
6797,538
6798,521
6799,579
6800,27
6801,308
6802,974
6803,347
6804,918
6805,295
6806,779
6807,786
6808,733
6809,820
6810,552
6811,172
6812,377
6813,729
6814,811
6815,620
6816,11
6817,895
6818,648
6819,303
6820,810
6821,869
6822,166
6823,840
6824,771
6825,32
6826,967
6827,305
6828,752
6829,973
6830,868
6831,608
6832,229
6833,340
6834,60
6835,389
6836,398
6837,269
6838,636
6839,423
6840,340
6841,132
6842,511
6843,289
6844,367
6845,977
6846,72
6847,305
6848,683
6849,720
6850,184
6851,507
6852,464
6853,327
6854,724
6855,902
6856,845
6857,653
6858,217
6859,616
6860,627
6861,971
6862,740
6863,238
6864,357
6865,648
6866,813
6867,331
6868,574
6869,11
6870,200
6871,280
6872,988
6873,548
6874,138
6875,182
6876,123
6877,612
6878,31
6879,136
6880,168
6881,451
6882,880
6883,751
6884,360
6885,255
6886,961
6887,326
6888,497
6889,700
6890,941
6891,776
6892,777
6893,365
6894,798
6895,771
6896,676
6897,126
6898,749
6899,551
6900,741
6901,365
6902,57
6903,641
6904,84
6905,615
6906,926
6907,130
6908,761
6909,115
6910,680
6911,60
6912,263
6913,186
6914,502
6915,433
6916,422
6917,101
6918,657
6919,774
6920,657
6921,628
6922,336
6923,406
6924,390
6925,212
6926,290
6927,261
6928,717
6929,309
6930,552
6931,755
6932,53
6933,695
6934,12
6935,925
6936,24
6937,613
6938,574
6939,64
6940,257
6941,949
6942,880
6943,321
6944,478
6945,90
6946,352
6947,860
6948,593
6949,330
6950,314
6951,547
6952,440
6953,930
6954,834
6955,661
6956,158
6957,322
6958,219
6959,106
6960,144
6961,519
6962,132
6963,36
6964,885
6965,429
6966,724
6967,613
6968,86
6969,113
6970,851
6971,209
6972,463
6973,649
6974,869
6975,71
6976,688
6977,570
6978,928
6979,189
6980,946
6981,641
6982,855
6983,569
6984,603
6985,996
6986,963
6987,514
6988,704
6989,758
6990,1
6991,515
6992,776
6993,236
6994,566
6995,657
6996,530
6997,870
6998,326
6999,218
7000,661
7001,579
7002,355
7003,303
7004,690
7005,956
7006,366
7007,942
7008,27
7009,453
7010,490
7011,619
7012,43
7013,114
7014,46
7015,13
7016,685
7017,965
7018,762
7019,647
7020,729
7021,309
7022,533
7023,474
7024,851
7025,249
7026,28
7027,930
7028,935
7029,830
7030,500
7031,95
7032,265
7033,69
7034,736
7035,630
7036,346
7037,291
7038,113
7039,909
7040,437
7041,380
7042,903
7043,383
7044,912
7045,517
7046,826
7047,804
7048,281
7049,250
7050,621
7051,972
7052,377
7053,102
7054,945
7055,680
7056,873
7057,414
7058,407
7059,807
7060,382
7061,705
7062,216
7063,515
7064,272
7065,497
7066,359
7067,958
7068,787
7069,22
7070,986
7071,416
7072,378
7073,333
7074,719
7075,756
7076,463
7077,630
7078,211
7079,644
7080,165
7081,199
7082,386
7083,799
7084,35
7085,331
7086,742
7087,267
7088,939
7089,387
7090,427
7091,686
7092,790
7093,153
7094,837
7095,695
7096,910
7097,52
7098,424
7099,583
7100,609
7101,58
7102,711
7103,820
7104,772
7105,233
7106,363
7107,552
7108,867
7109,506
7110,374
7111,957
7112,752
7113,343
7114,695
7115,918
7116,69
7117,958
7118,402
7119,241
7120,634
7121,654
7122,260
7123,163
7124,512
7125,343
7126,608
7127,876
7128,416
7129,983
7130,462
7131,397
7132,600
7133,233
7134,457
7135,180
7136,723
7137,985
7138,130
7139,775
7140,934
7141,828
7142,269
7143,78
7144,610
7145,913
7146,219
7147,486
7148,437
7149,679
7150,203
7151,322
7152,433
7153,203
7154,647
7155,434
7156,224
7157,749
7158,237
7159,737
7160,396
7161,162
7162,442
7163,894
7164,638
7165,555
7166,214
7167,898
7168,126
7169,855
7170,509
7171,55
7172,416
7173,141
7174,213
7175,41
7176,205
7177,186
7178,312
7179,220
7180,232
7181,52
7182,508
7183,750
7184,514
7185,886
7186,533
7187,346
7188,591
7189,741
7190,293
7191,535
7192,654
7193,178
7194,781
7195,112
7196,538
7197,139
7198,42
7199,985
7200,586
7201,317
7202,311
7203,187
7204,407
7205,446
7206,711
7207,715
7208,247
7209,232
7210,537
7211,609
7212,118
7213,522
7214,638
7215,247
7216,984
7217,920
7218,155
7219,3
7220,394
7221,44
7222,949
7223,355
7224,990
7225,292
7226,873
7227,920
7228,94
7229,150
7230,778
7231,473
7232,262
7233,119
7234,283
7235,818
7236,68
7237,79
7238,596
7239,803
7240,112
7241,261
7242,2
7243,836
7244,284
7245,311
7246,382
7247,422
7248,795
7249,606
7250,77
7251,92
7252,863
7253,304
7254,543
7255,388
7256,313
7257,677
7258,257
7259,436
7260,947
7261,131
7262,308
7263,442
7264,858
7265,612
7266,705
7267,779
7268,459
7269,276
7270,454
7271,636
7272,287
7273,639
7274,685
7275,640
7276,448
7277,358
7278,776
7279,986
7280,52
7281,68
7282,341
7283,421
7284,941
7285,901
7286,4
7287,837
7288,656
7289,406
7290,537
7291,475
7292,365
7293,768
7294,24
7295,310
7296,269
7297,838
7298,667
7299,624
7300,587
7301,163
7302,631
7303,120
7304,706
7305,892
7306,422
7307,752
7308,159
7309,829
7310,145
7311,52
7312,818
7313,351
7314,901
7315,548
7316,560
7317,480
7318,121
7319,934
7320,230
7321,577
7322,882
7323,337
7324,644
7325,206
7326,45
7327,443
7328,140
7329,759
7330,826
7331,435
7332,156
7333,440
7334,294
7335,547
7336,961
7337,888
7338,715
7339,621
7340,941
7341,766
7342,315
7343,894
7344,553
7345,276
7346,663
7347,766
7348,552
7349,877
7350,883
7351,276
7352,447
7353,705
7354,930
7355,340
7356,545
7357,180
7358,380
7359,44
7360,868
7361,129
7362,211
7363,530
7364,788
7365,827
7366,227
7367,97
7368,95
7369,577
7370,502
7371,588
7372,541
7373,995
7374,243
7375,574
7376,22
7377,327
7378,528
7379,525
7380,803
7381,15
7382,336
7383,503
7384,91
7385,14
7386,101
7387,146
7388,771
7389,501
7390,762
7391,150
7392,915
7393,824
7394,376
7395,465
7396,148
7397,192
7398,514
7399,675
7400,808
7401,413
7402,726
7403,8
7404,205
7405,715
7406,334
7407,248
7408,265
7409,468
7410,700
7411,877
7412,253
7413,20
7414,839
7415,77
7416,675
7417,480
7418,545
7419,763
7420,894
7421,505
7422,569
7423,651
7424,121
7425,476
7426,822
7427,297
7428,571
7429,332
7430,443
7431,802
7432,394
7433,947
7434,643
7435,285
7436,113
7437,42
7438,174
7439,5
7440,934
7441,315
7442,740
7443,523
7444,863
7445,999
7446,715
7447,127
7448,472
7449,389
7450,169
7451,12
7452,698
7453,738
7454,98
7455,691
7456,574
7457,657
7458,962
7459,832
7460,911
7461,293
7462,455
7463,63
7464,78
7465,512
7466,757
7467,56
7468,167
7469,679
7470,34
7471,126
7472,119
7473,92
7474,848
7475,967
7476,989
7477,159
7478,972
7479,254
7480,492
7481,512
7482,984
7483,335
7484,344
7485,728
7486,947
7487,794
7488,94
7489,234
7490,987
7491,33
7492,693
7493,152
7494,816
7495,403
7496,211
7497,451
7498,68
7499,658
7500,166
7501,304
7502,395
7503,925
7504,738
7505,993
7506,336
7507,623
7508,327
7509,441
7510,625
7511,566
7512,776
7513,520
7514,302
7515,915
7516,902
7517,88
7518,334
7519,777
7520,668
7521,35
7522,759
7523,663
7524,724
7525,330
7526,708
7527,7
7528,714
7529,967
7530,403
7531,989
7532,770
7533,132
7534,920
7535,506
7536,788
7537,108
7538,107
7539,206
7540,907
7541,930
7542,172
7543,365
7544,441
7545,991
7546,72
7547,990
7548,420
7549,201
7550,858
7551,50
7552,36
7553,507
7554,465
7555,586
7556,947
7557,111
7558,776
7559,672
7560,673
7561,187
7562,612
7563,831
7564,351
7565,862
7566,1
7567,369
7568,359
7569,979
7570,444
7571,932
7572,388
7573,730
7574,444
7575,534
7576,162
7577,715
7578,376
7579,13
7580,536
7581,709
7582,297
7583,185
7584,5
7585,8
7586,144
7587,360
7588,747
7589,197
7590,296
7591,384
7592,6
7593,919
7594,665
7595,615
7596,694
7597,570
7598,492
7599,265
7600,762
7601,848
7602,141
7603,801
7604,862
7605,184
7606,259
7607,819
7608,942
7609,190
7610,491
7611,752
7612,632
7613,986
7614,16
7615,190
7616,837
7617,458
7618,935
7619,999
7620,535
7621,648
7622,191
7623,208
7624,399
7625,991
7626,747
7627,709
7628,570
7629,99
7630,675
7631,763
7632,946
7633,477
7634,116
7635,377
7636,585
7637,945
7638,231
7639,868
7640,105
7641,719
7642,275
7643,926
7644,499
7645,879
7646,48
7647,308
7648,909
7649,485
7650,307
7651,22
7652,710
7653,472
7654,573
7655,697
7656,124
7657,904
7658,879
7659,920
7660,39
7661,725
7662,420
7663,665
7664,882
7665,241
7666,967
7667,252
7668,10
7669,256
7670,560
7671,344
7672,173
7673,336
7674,918
7675,915
7676,629
7677,927
7678,405
7679,114
7680,923
7681,798
7682,914
7683,341
7684,344
7685,997
7686,967
7687,552
7688,469
7689,430
7690,390
7691,713
7692,227
7693,885
7694,999
7695,571
7696,364
7697,485
7698,520
7699,510
7700,342
7701,306
7702,723
7703,263
7704,750
7705,665
7706,428
7707,196
7708,710
7709,461
7710,615
7711,329
7712,823
7713,996
7714,819
7715,824
7716,760
7717,364
7718,436
7719,385
7720,239
7721,775
7722,429
7723,915
7724,117
7725,941
7726,780
7727,514
7728,825
7729,569
7730,171
7731,296
7732,201
7733,142
7734,131
7735,58
7736,903
7737,935
7738,675
7739,896
7740,590
7741,457
7742,291
7743,904
7744,34
7745,12
7746,990
7747,524
7748,329
7749,440
7750,800
7751,12
7752,995
7753,340
7754,527
7755,110
7756,206
7757,590
7758,482
7759,89
7760,41
7761,361
7762,240
7763,139
7764,492
7765,770
7766,588
7767,256
7768,863
7769,853
7770,787
7771,449
7772,180
7773,684
7774,302
7775,444
7776,899
7777,928
7778,988
7779,414
7780,664
7781,649
7782,71
7783,909
7784,925
7785,189
7786,176
7787,983
7788,277
7789,937
7790,882
7791,291
7792,603
7793,598
7794,700
7795,735
7796,984
7797,350
7798,162
7799,9
7800,793
7801,628
7802,648
7803,201
7804,747
7805,464
7806,909
7807,996
7808,689
7809,957
7810,726
7811,563
7812,48
7813,579
7814,536
7815,439
7816,305
7817,630
7818,892
7819,833
7820,571
7821,874
7822,779
7823,782
7824,247
7825,764
7826,901
7827,124
7828,157
7829,302
7830,21
7831,754
7832,593
7833,931
7834,951
7835,485
7836,675
7837,636
7838,102
7839,327
7840,957
7841,607
7842,616
7843,884
7844,907
7845,306
7846,669
7847,347
7848,276
7849,45
7850,375
7851,654
7852,351
7853,411
7854,576
7855,125
7856,302
7857,922
7858,249
7859,696
7860,261
7861,701
7862,647
7863,273
7864,719
7865,55
7866,232
7867,61
7868,720
7869,499
7870,461
7871,69
7872,865
7873,679
7874,977
7875,266
7876,925
7877,811
7878,693
7879,784
7880,432
7881,895
7882,530
7883,293
7884,711
7885,841
7886,631
7887,369
7888,801
7889,203
7890,632
7891,71
7892,301
7893,865
7894,720
7895,474
7896,95
7897,55
7898,56
7899,944
7900,743
7901,316
7902,615
7903,902
7904,11
7905,46
7906,204
7907,872
7908,58
7909,662
7910,310
7911,542
7912,9
7913,862
7914,915
7915,314
7916,558
7917,232
7918,902
7919,971
7920,719
7921,793
7922,919
7923,446
7924,429
7925,92
7926,932
7927,76
7928,250
7929,860
7930,413
7931,931
7932,798
7933,162
7934,398
7935,727
7936,605
7937,773
7938,868
7939,819
7940,437
7941,233
7942,627
7943,813
7944,657
7945,140
7946,315
7947,179
7948,394
7949,605
7950,686
7951,387
7952,697
7953,182
7954,182
7955,107
7956,163
7957,185
7958,48
7959,338
7960,215
7961,803
7962,171
7963,361
7964,79
7965,63
7966,730
7967,521
7968,479
7969,733
7970,248
7971,350
7972,928
7973,330
7974,514
7975,143
7976,317
7977,262
7978,72
7979,927
7980,259
7981,900
7982,385
7983,271
7984,88
7985,545
7986,949
7987,776
7988,289
7989,433
7990,244
7991,227
7992,499
7993,995
7994,837
7995,617
7996,602
7997,377
7998,391
7999,250
8000,816
8001,386
8002,878
8003,208
8004,772
8005,238
8006,336
8007,845
8008,675
8009,987
8010,718
8011,291
8012,425
8013,434
8014,812
8015,27
8016,55
8017,983
8018,228
8019,59
8020,400
8021,670
8022,702
8023,881
8024,894
8025,286
8026,776
8027,854
8028,55
8029,434
8030,592
8031,513
8032,647
8033,785
8034,560
8035,896
8036,204
8037,888
8038,851
8039,522
8040,713
8041,865
8042,335
8043,398
8044,755
8045,856
8046,271
8047,384
8048,421
8049,325
8050,74
8051,114
8052,773
8053,459
8054,176
8055,775
8056,885
8057,614
8058,655
8059,546
8060,546
8061,583
8062,912
8063,555
8064,332
8065,738
8066,472
8067,558
8068,293
8069,621
8070,368
8071,499
8072,588
8073,843
8074,852
8075,562
8076,116
8077,901
8078,403
8079,152
8080,767
8081,640
8082,547
8083,987
8084,479
8085,467
8086,158
8087,684
8088,785
8089,718
8090,852
8091,403
8092,291
8093,408
8094,108
8095,749
8096,758
8097,258
8098,741
8099,830
8100,529
8101,191
8102,530
8103,265
8104,41
8105,6
8106,142
8107,916
8108,59
8109,141
8110,680
8111,157
8112,951
8113,748
8114,212
8115,646
8116,1
8117,266
8118,575
8119,787
8120,143
8121,665
8122,607
8123,369
8124,366
8125,775
8126,202
8127,471
8128,403
8129,345
8130,266
8131,275
8132,17
8133,474
8134,470
8135,700
8136,694
8137,363
8138,124
8139,205
8140,885
8141,150
8142,695
8143,251
8144,453
8145,759
8146,632
8147,269
8148,649
8149,779
8150,56
8151,127
8152,108
8153,893
8154,226
8155,894
8156,52
8157,147
8158,377
8159,900
8160,441
8161,796
8162,88
8163,101
8164,515
8165,564
8166,358
8167,190
8168,970
8169,935
8170,690
8171,678
8172,980
8173,9
8174,951
8175,401
8176,108
8177,368
8178,13
8179,716
8180,229
8181,327
8182,327
8183,325
8184,142
8185,859
8186,30
8187,654
8188,629
8189,539
8190,347
8191,889
8192,358
8193,403
8194,448
8195,990
8196,716
8197,906
8198,167
8199,149
8200,379
8201,456
8202,871
8203,962
8204,227
8205,980
8206,265
8207,419
8208,140
8209,218
8210,662
8211,81
8212,767
8213,497
8214,103
8215,718
8216,680
8217,909
8218,321
8219,768
8220,44
8221,178
8222,94
8223,621
8224,861
8225,643
8226,645
8227,264
8228,237
8229,809
8230,214
8231,220
8232,840
8233,793
8234,200
8235,541
8236,243
8237,654
8238,136
8239,749
8240,33
8241,660
8242,957
8243,860
8244,643
8245,561
8246,660
8247,892
8248,74
8249,317
8250,79
8251,702
8252,109
8253,603
8254,164
8255,247
8256,510
8257,569
8258,771
8259,158
8260,180
8261,303
8262,118
8263,185
8264,285
8265,491
8266,40
8267,288
8268,403
8269,9
8270,716
8271,439
8272,626
8273,748
8274,541
8275,832
8276,98
8277,173
8278,991
8279,22
8280,667
8281,271
8282,353
8283,524
8284,418
8285,968
8286,848
8287,456
8288,56
8289,269
8290,15
8291,966
8292,831
8293,567
8294,923
8295,555
8296,991
8297,364
8298,272
8299,322
8300,551
8301,213
8302,989
8303,290
8304,788
8305,735
8306,230
8307,537
8308,844
8309,173
8310,648
8311,734
8312,36
8313,184
8314,935
8315,101
8316,942
8317,686
8318,580
8319,477
8320,577
8321,519
8322,983
8323,826
8324,659
8325,444
8326,233
8327,713
8328,338
8329,809
8330,556
8331,135
8332,800
8333,642
8334,59
8335,836
8336,160
8337,547
8338,985
8339,415
8340,846
8341,233
8342,171
8343,642
8344,100
8345,834
8346,756
8347,870
8348,252
8349,189
8350,837
8351,381
8352,710
8353,623
8354,619
8355,285
8356,898
8357,559
8358,792
8359,142
8360,156
8361,637
8362,182
8363,227
8364,473
8365,668
8366,724
8367,548
8368,502
8369,937
8370,872
8371,373
8372,403
8373,362
8374,562
8375,659
8376,605
8377,497
8378,786
8379,311
8380,714
8381,849
8382,270
8383,881
8384,368
8385,554
8386,387
8387,817
8388,157
8389,124
8390,679
8391,86
8392,628
8393,503
8394,883
8395,626
8396,114
8397,886
8398,61
8399,784
8400,33
8401,253
8402,577
8403,972
8404,33
8405,265
8406,845
8407,215
8408,993
8409,855
8410,420
8411,977
8412,324
8413,238
8414,643
8415,384
8416,197
8417,507
8418,273
8419,873
8420,793
8421,948
8422,436
8423,516
8424,501
8425,677
8426,199
8427,612
8428,406
8429,215
8430,49
8431,319
8432,901
8433,182
8434,862
8435,620
8436,154
8437,97
8438,752
8439,64
8440,240
8441,294
8442,975
8443,997
8444,249
8445,117
8446,457
8447,856
8448,137
8449,388
8450,866
8451,689
8452,871
8453,74
8454,209
8455,475
8456,889
8457,326
8458,435
8459,106
8460,813
8461,45
8462,852
8463,438
8464,161
8465,31
8466,486
8467,573
8468,429
8469,375
8470,88
8471,857
8472,377
8473,713
8474,751
8475,114
8476,6
8477,750
8478,77
8479,421
8480,102
8481,949
8482,612
8483,305
8484,669
8485,435
8486,107
8487,312
8488,932
8489,749
8490,237
8491,230
8492,327
8493,397
8494,124
8495,895
8496,981
8497,337
8498,819
8499,456
8500,299
8501,575
8502,61
8503,327
8504,13
8505,698
8506,76
8507,863
8508,25
8509,908
8510,79
8511,432
8512,280
8513,92
8514,450
8515,721
8516,942
8517,401
8518,875
8519,32
8520,109
8521,99
8522,995
8523,907
8524,381
8525,945
8526,354
8527,746
8528,160
8529,690
8530,766
8531,602
8532,208
8533,23
8534,832
8535,406
8536,418
8537,762
8538,561
8539,181
8540,263
8541,773
8542,856
8543,272
8544,610
8545,684
8546,783
8547,537
8548,846
8549,204
8550,23
8551,853
8552,3
8553,928
8554,170
8555,586
8556,532
8557,114
8558,529
8559,31
8560,526
8561,593
8562,914
8563,924
8564,446
8565,669
8566,973
8567,418
8568,730
8569,77
8570,247
8571,746
8572,851
8573,88
8574,187
8575,164
8576,718
8577,576
8578,495
8579,945
8580,419
8581,397
8582,218
8583,79
8584,435
8585,908
8586,386
8587,881
8588,641
8589,108
8590,187
8591,134
8592,885
8593,193
8594,331
8595,593
8596,952
8597,139
8598,567
8599,462
8600,708
8601,790
8602,829
8603,904
8604,190
8605,836
8606,935
8607,982
8608,241
8609,222
8610,116
8611,749
8612,499
8613,92
8614,113
8615,487
8616,466
8617,969
8618,776
8619,649
8620,433
8621,299
8622,566
8623,509
8624,871
8625,13
8626,961
8627,599
8628,798
8629,964
8630,628
8631,290
8632,590
8633,594
8634,848
8635,599
8636,102
8637,446
8638,766
8639,208
8640,117
8641,417
8642,677
8643,170
8644,977
8645,12
8646,908
8647,672
8648,806
8649,760
8650,425
8651,419
8652,515
8653,484
8654,176
8655,101
8656,595
8657,872
8658,839
8659,24
8660,345
8661,593
8662,613
8663,112
8664,615
8665,140
8666,311
8667,604
8668,926
8669,545
8670,149
8671,988
8672,839
8673,293
8674,711
8675,307
8676,952
8677,90
8678,43
8679,771
8680,8
8681,46
8682,264
8683,393
8684,476
8685,876
8686,852
8687,795
8688,7
8689,719
8690,592
8691,502
8692,667
8693,15
8694,385
8695,889
8696,219
8697,521
8698,195
8699,413
8700,874
8701,459
8702,668
8703,515
8704,214
8705,850
8706,294
8707,410
8708,156
8709,480
8710,92
8711,550
8712,445
8713,445
8714,363
8715,146
8716,404
8717,359
8718,408
8719,735
8720,88
8721,844
8722,228
8723,475
8724,986
8725,291
8726,527
8727,328
8728,393
8729,885
8730,489
8731,514
8732,815
8733,150
8734,383
8735,520
8736,757
8737,708
8738,955
8739,235
8740,486
8741,918
8742,297
8743,367
8744,742
8745,458
8746,344
8747,662
8748,147
8749,106
8750,826
8751,413
8752,714
8753,361
8754,641
8755,534
8756,455
8757,819
8758,623
8759,46
8760,923
8761,292
8762,65
8763,20
8764,959
8765,847
8766,699
8767,210
8768,987
8769,176
8770,692
8771,176
8772,101
8773,175
8774,970
8775,817
8776,500
8777,92
8778,788
8779,183
8780,483
8781,91
8782,233
8783,734
8784,250
8785,667
8786,703
8787,734
8788,771
8789,93
8790,996
8791,864
8792,880
8793,540
8794,600
8795,769
8796,97
8797,33
8798,475
8799,14
8800,93
8801,225
8802,125
8803,282
8804,201
8805,983
8806,582
8807,691
8808,122
8809,479
8810,355
8811,750
8812,867
8813,20
8814,647
8815,193
8816,638
8817,817
8818,36
8819,69
8820,661
8821,565
8822,281
8823,231
8824,634
8825,273
8826,23
8827,622
8828,467
8829,644
8830,958
8831,972
8832,298
8833,116
8834,426
8835,645
8836,759
8837,498
8838,908
8839,994
8840,370
8841,374
8842,872
8843,475
8844,452
8845,957
8846,515
8847,405
8848,293
8849,81
8850,564
8851,774
8852,243
8853,902
8854,920
8855,260
8856,552
8857,71
8858,985
8859,330
8860,5
8861,354
8862,600
8863,50
8864,138
8865,321
8866,74
8867,115
8868,267
8869,304
8870,382
8871,185
8872,328
8873,411
8874,666
8875,13
8876,357
8877,806
8878,565
8879,340
8880,174
8881,287
8882,490
8883,846
8884,409
8885,322
8886,988
8887,633
8888,608
8889,41
8890,242
8891,390
8892,331
8893,779
8894,250
8895,175
8896,164
8897,627
8898,928
8899,66
8900,330
8901,942
8902,93
8903,385
8904,208
8905,725
8906,600
8907,203
8908,761
8909,689
8910,929
8911,24
8912,241
8913,932
8914,733
8915,63
8916,225
8917,591
8918,595
8919,132
8920,237
8921,757
8922,637
8923,634
8924,979
8925,237
8926,916
8927,40
8928,615
8929,687
8930,470
8931,844
8932,9
8933,522
8934,281
8935,778
8936,624
8937,205
8938,429
8939,817
8940,244
8941,306
8942,631
8943,642
8944,961
8945,490
8946,703
8947,44
8948,281
8949,762
8950,55
8951,307
8952,271
8953,171
8954,379
8955,696
8956,503
8957,215
8958,793
8959,708
8960,621
8961,503
8962,766
8963,933
8964,433
8965,485
8966,565
8967,720
8968,550
8969,745
8970,619
8971,368
8972,904
8973,709
8974,786
8975,626
8976,719
8977,283
8978,367
8979,571
8980,141
8981,59
8982,854
8983,472
8984,730
8985,278
8986,14
8987,152
8988,215
8989,864
8990,478
8991,504
8992,564
8993,339
8994,596
8995,514
8996,367
8997,617
8998,637
8999,870
9000,896
9001,58
9002,932
9003,208
9004,149
9005,455
9006,520
9007,617
9008,991
9009,639
9010,721
9011,468
9012,980
9013,363
9014,164
9015,657
9016,662
9017,647
9018,566
9019,313
9020,972
9021,299
9022,813
9023,633
9024,235
9025,647
9026,544
9027,199
9028,75
9029,745
9030,914
9031,826
9032,993
9033,173
9034,789
9035,388
9036,713
9037,962
9038,167
9039,274
9040,411
9041,374
9042,15
9043,37
9044,656
9045,133
9046,164
9047,916
9048,301
9049,7
9050,401
9051,510
9052,692
9053,962
9054,971
9055,636
9056,495
9057,560
9058,939
9059,609
9060,589
9061,762
9062,365
9063,847
9064,63
9065,635
9066,738
9067,242
9068,265
9069,337
9070,605
9071,965
9072,312
9073,215
9074,546
9075,106
9076,168
9077,97
9078,353
9079,854
9080,376
9081,968
9082,504
9083,755
9084,842
9085,795
9086,549
9087,666
9088,83
9089,885
9090,730
9091,311
9092,119
9093,241
9094,973
9095,919
9096,193
9097,527
9098,488
9099,548
9100,273
9101,497
9102,629
9103,53
9104,721
9105,654
9106,238
9107,361
9108,311
9109,692
9110,530
9111,544
9112,290
9113,440
9114,47
9115,111
9116,923
9117,155
9118,431
9119,735
9120,571
9121,384
9122,433
9123,105
9124,238
9125,941
9126,411
9127,149
9128,3
9129,615
9130,225
9131,514
9132,71
9133,276
9134,204
9135,939
9136,999
9137,176
9138,877
9139,672
9140,239
9141,371
9142,696
9143,101
9144,277
9145,619
9146,644
9147,435
9148,920
9149,149
9150,207
9151,953
9152,731
9153,971
9154,633
9155,762
9156,465
9157,959
9158,90
9159,833
9160,725
9161,271
9162,369
9163,569
9164,751
9165,371
9166,58
9167,719
9168,364
9169,696
9170,495
9171,324
9172,578
9173,792
9174,812
9175,553
9176,50
9177,936
9178,42
9179,374
9180,499
9181,966
9182,751
9183,321
9184,202
9185,163
9186,500
9187,755
9188,981
9189,679
9190,22
9191,83
9192,861
9193,553
9194,606
9195,490
9196,655
9197,304
9198,823
9199,762
9200,9
9201,795
9202,316
9203,954
9204,204
9205,519
9206,111
9207,546
9208,325
9209,728
9210,475
9211,549
9212,515
9213,4
9214,915
9215,405
9216,356
9217,604
9218,342
9219,645
9220,206
9221,997
9222,591
9223,115
9224,575
9225,99
9226,193
9227,453
9228,917
9229,333
9230,608
9231,454
9232,126
9233,217
9234,331
9235,810
9236,872
9237,315
9238,431
9239,314
9240,554
9241,656
9242,948
9243,480
9244,564
9245,488
9246,866
9247,949
9248,510
9249,969
9250,490
9251,611
9252,407
9253,137
9254,851
9255,913
9256,237
9257,110
9258,684
9259,841
9260,78
9261,898
9262,432
9263,190
9264,72
9265,56
9266,817
9267,487
9268,557
9269,202
9270,243
9271,623
9272,240
9273,974
9274,44
9275,785
9276,98
9277,675
9278,552
9279,405
9280,810
9281,91
9282,933
9283,832
9284,615
9285,38
9286,94
9287,194
9288,595
9289,159
9290,986
9291,550
9292,265
9293,898
9294,89
9295,227
9296,167
9297,644
9298,273
9299,764
9300,658
9301,788
9302,100
9303,708
9304,696
9305,688
9306,314
9307,501
9308,18
9309,348
9310,166
9311,889
9312,845
9313,124
9314,901
9315,622
9316,403
9317,788
9318,764
9319,410
9320,283
9321,254
9322,228
9323,732
9324,421
9325,316
9326,373
9327,924
9328,129
9329,809
9330,807
9331,970
9332,773
9333,384
9334,293
9335,900
9336,625
9337,212
9338,645
9339,606
9340,15
9341,509
9342,890
9343,158
9344,764
9345,993
9346,813
9347,726
9348,278
9349,278
9350,807
9351,561
9352,484
9353,612
9354,46
9355,897
9356,938
9357,437
9358,67
9359,80
9360,335
9361,445
9362,155
9363,992
9364,696
9365,7
9366,342
9367,601
9368,148
9369,14
9370,36
9371,899
9372,312
9373,592
9374,384
9375,74
9376,848
9377,279
9378,99
9379,659
9380,963
9381,721
9382,901
9383,989
9384,557
9385,106
9386,224
9387,552
9388,489
9389,747
9390,906
9391,211
9392,809
9393,24
9394,770
9395,981
9396,332
9397,333
9398,936
9399,636
9400,189
9401,821
9402,534
9403,133
9404,598
9405,971
9406,538
9407,377
9408,780
9409,715
9410,992
9411,945
9412,516
9413,560
9414,622
9415,6
9416,147
9417,583
9418,105
9419,142
9420,128
9421,242
9422,168
9423,439
9424,364
9425,957
9426,12
9427,88
9428,628
9429,843
9430,429
9431,277
9432,179
9433,500
9434,360
9435,806
9436,629
9437,723
9438,312
9439,596
9440,769
9441,432
9442,547
9443,182
9444,474
9445,516
9446,846
9447,973
9448,795
9449,834
9450,119
9451,943
9452,885
9453,244
9454,508
9455,592
9456,100
9457,178
9458,769
9459,960
9460,978
9461,854
9462,318
9463,905
9464,466
9465,413
9466,911
9467,418
9468,656
9469,833
9470,528
9471,904
9472,641
9473,55
9474,753
9475,698
9476,909
9477,27
9478,531
9479,659
9480,624
9481,924
9482,577
9483,253
9484,861
9485,150
9486,247
9487,440
9488,618
9489,504
9490,875
9491,70
9492,612
9493,593
9494,55
9495,408
9496,414
9497,393
9498,483
9499,880
9500,354
9501,158
9502,653
9503,788
9504,420
9505,835
9506,565
9507,134
9508,740
9509,809
9510,486
9511,359
9512,730
9513,580
9514,375
9515,612
9516,913
9517,158
9518,338
9519,525
9520,101
9521,44
9522,655
9523,93
9524,18
9525,926
9526,348
9527,39
9528,455
9529,943
9530,435
9531,524
9532,415
9533,918
9534,358
9535,162
9536,252
9537,575
9538,814
9539,59
9540,189
9541,750
9542,269
9543,889
9544,182
9545,23
9546,90
9547,826
9548,777
9549,211
9550,124
9551,644
9552,117
9553,256
9554,16
9555,139
9556,992
9557,941
9558,340
9559,628
9560,103
9561,335
9562,655
9563,188
9564,148
9565,190
9566,448
9567,367
9568,560
9569,775
9570,543
9571,810
9572,88
9573,648
9574,50
9575,388
9576,718
9577,740
9578,602
9579,456
9580,792
9581,980
9582,533
9583,46
9584,651
9585,853
9586,830
9587,656
9588,744
9589,671
9590,937
9591,186
9592,410
9593,300
9594,224
9595,711
9596,57
9597,287
9598,250
9599,317
9600,461
9601,209
9602,302
9603,846
9604,108
9605,240
9606,213
9607,824
9608,188
9609,681
9610,31
9611,554
9612,53
9613,386
9614,709
9615,798
9616,304
9617,234
9618,452
9619,521
9620,393
9621,976
9622,352
9623,807
9624,625
9625,248
9626,554
9627,771
9628,717
9629,328
9630,206
9631,313
9632,576
9633,405
9634,277
9635,906
9636,278
9637,166
9638,955
9639,489
9640,616
9641,902
9642,741
9643,590
9644,94
9645,713
9646,996
9647,980
9648,207
9649,755
9650,195
9651,255
9652,728
9653,258
9654,129
9655,131
9656,288
9657,864
9658,71
9659,620
9660,778
9661,967
9662,868
9663,434
9664,995
9665,523
9666,191
9667,727
9668,615
9669,921
9670,4
9671,18
9672,288
9673,797
9674,122
9675,158
9676,96
9677,971
9678,831
9679,227
9680,649
9681,690
9682,866
9683,565
9684,365
9685,392
9686,240
9687,850
9688,841
9689,153
9690,360
9691,523
9692,943
9693,764
9694,432
9695,867
9696,22
9697,50
9698,708
9699,911
9700,372
9701,708
9702,445
9703,128
9704,923
9705,808
9706,604
9707,102
9708,264
9709,892
9710,146
9711,524
9712,12
9713,132
9714,45
9715,369
9716,934
9717,254
9718,357
9719,87
9720,654
9721,735
9722,492
9723,749
9724,967
9725,345
9726,431
9727,652
9728,871
9729,531
9730,598
9731,926
9732,1
9733,800
9734,762
9735,923
9736,221
9737,799
9738,71
9739,79
9740,36
9741,504
9742,407
9743,465
9744,851
9745,870
9746,609
9747,880
9748,857
9749,785
9750,66
9751,352
9752,424
9753,443
9754,235
9755,764
9756,83
9757,225
9758,866
9759,292
9760,339
9761,361
9762,319
9763,454
9764,270
9765,295
9766,297
9767,910
9768,230
9769,786
9770,51
9771,491
9772,310
9773,448
9774,374
9775,948
9776,616
9777,671
9778,118
9779,896
9780,428
9781,699
9782,608
9783,687
9784,584
9785,29
9786,592
9787,409
9788,771
9789,981
9790,529
9791,693
9792,73
9793,607
9794,122
9795,876
9796,423
9797,276
9798,843
9799,84
9800,553
9801,714
9802,54
9803,773
9804,278
9805,45
9806,930
9807,713
9808,637
9809,124
9810,826
9811,547
9812,885
9813,310
9814,237
9815,301
9816,937
9817,522
9818,68
9819,207
9820,843
9821,63
9822,293
9823,907
9824,185
9825,389
9826,622
9827,497
9828,336
9829,462
9830,368
9831,508
9832,897
9833,289
9834,816
9835,407
9836,721
9837,592
9838,590
9839,526
9840,776
9841,34
9842,675
9843,334
9844,615
9845,533
9846,961
9847,336
9848,78
9849,900
9850,848
9851,481
9852,920
9853,980
9854,719
9855,924
9856,435
9857,893
9858,226
9859,199
9860,601
9861,189
9862,286
9863,186
9864,328
9865,5
9866,353
9867,109
9868,493
9869,565
9870,833
9871,467
9872,160
9873,694
9874,337
9875,225
9876,366
9877,944
9878,637
9879,805
9880,961
9881,294
9882,491
9883,871
9884,348
9885,984
9886,423
9887,539
9888,737
9889,901
9890,941
9891,502
9892,680
9893,229
9894,337
9895,108
9896,408
9897,189
9898,470
9899,717
9900,908
9901,458
9902,984
9903,410
9904,863
9905,696
9906,777
9907,226
9908,639
9909,513
9910,871
9911,289
9912,778
9913,951
9914,727
9915,995
9916,231
9917,390
9918,93
9919,435
9920,41
9921,179
9922,214
9923,828
9924,906
9925,851
9926,945
9927,605
9928,999
9929,135
9930,211
9931,813
9932,363
9933,551
9934,424
9935,268
9936,140
9937,21
9938,648
9939,708
9940,503
9941,181
9942,490
9943,393
9944,585
9945,321
9946,234
9947,891
9948,845
9949,859
9950,548
9951,801
9952,283
9953,244
9954,711
9955,182
9956,682
9957,351
9958,712
9959,24
9960,663
9961,262
9962,806
9963,62
9964,659
9965,80
9966,633
9967,403
9968,51
9969,282
9970,215
9971,728
9972,840
9973,509
9974,253
9975,855
9976,801
9977,616
9978,180
9979,162
9980,724
9981,415
9982,900
9983,283
9984,858
9985,913
9986,884
9987,722
9988,792
9989,499
9990,719
9991,80
9992,89
9993,978
9994,100
9995,101
9996,843
9997,943
9998,122
9999,5011
10000,5012
